3
15
15
1242
2700
 -1.3071765619939797     -0.0050650922144000       0.0000000000000000
 -1.3071765619939797      0.0050650922144000       0.0000000000000000
 -1.2984035649336174     -0.0202603688575998       0.0000000000000000
 -1.2984035649336174     -0.0101301844287999       0.0000000000000000
 -1.2984035649336174      0.0101301844287999       0.0000000000000000
 -1.2984035649336174      0.0202603688575998       0.0000000000000000
 -1.2896305678732551     -0.0354556455007997       0.0000000000000000
 -1.2896305678732551     -0.0253254610719998       0.0000000000000000
 -1.2896305678732551     -0.0050650922144000       0.0000000000000000
 -1.2896305678732551      0.0050650922144000       0.0000000000000000
 -1.2896305678732551      0.0253254610719998       0.0000000000000000
 -1.2896305678732551      0.0354556455007997       0.0000000000000000
 -1.2808575708128929     -0.0506509221439996       0.0000000000000000
 -1.2808575708128929     -0.0405207377151997       0.0000000000000000
 -1.2808575708128929      0.0405207377151997       0.0000000000000000
 -1.2808575708128929      0.0506509221439996       0.0000000000000000
 -1.2808575708128926     -0.0202603688575998       0.0000000000000000
 -1.2808575708128926     -0.0101301844287999       0.0000000000000000
 -1.2808575708128926      0.0101301844287999       0.0000000000000000
 -1.2808575708128926      0.0202603688575998       0.0000000000000000
 -1.2720845737525306     -0.0658461987871995       0.0000000000000000
 -1.2720845737525306     -0.0557160143583995       0.0000000000000000
 -1.2720845737525306     -0.0354556455007997       0.0000000000000000
 -1.2720845737525306     -0.0253254610719998       0.0000000000000000
 -1.2720845737525306     -0.0050650922144000       0.0000000000000000
 -1.2720845737525306      0.0050650922144000       0.0000000000000000
 -1.2720845737525306      0.0253254610719998       0.0000000000000000
 -1.2720845737525306      0.0354556455007997       0.0000000000000000
 -1.2720845737525306      0.0557160143583995       0.0000000000000000
 -1.2720845737525306      0.0658461987871995       0.0000000000000000
 -1.2633115766921683     -0.0810414754303993       0.0000000000000000
 -1.2633115766921683     -0.0709112910015994       0.0000000000000000
 -1.2633115766921683     -0.0506509221439996       0.0000000000000000
 -1.2633115766921683     -0.0405207377151997       0.0000000000000000
 -1.2633115766921683     -0.0202603688575998       0.0000000000000000
 -1.2633115766921683     -0.0101301844287999       0.0000000000000000
 -1.2633115766921683      0.0101301844287999       0.0000000000000000
 -1.2633115766921683      0.0202603688575998       0.0000000000000000
 -1.2633115766921683      0.0405207377151997       0.0000000000000000
 -1.2633115766921683      0.0506509221439996       0.0000000000000000
 -1.2633115766921683      0.0709112910015994       0.0000000000000000
 -1.2633115766921683      0.0810414754303993       0.0000000000000000
 -1.2545385796318058     -0.0962367520735992       0.0000000000000000
 -1.2545385796318058     -0.0861065676447993       0.0000000000000000
 -1.2545385796318058     -0.0658461987871995       0.0000000000000000
 -1.2545385796318058     -0.0557160143583995       0.0000000000000000
 -1.2545385796318058     -0.0354556455007997       0.0000000000000000
 -1.2545385796318058     -0.0253254610719998       0.0000000000000000
 -1.2545385796318058     -0.0050650922144000       0.0000000000000000
 -1.2545385796318058      0.0050650922144000       0.0000000000000000
 -1.2545385796318058      0.0253254610719998       0.0000000000000000
 -1.2545385796318058      0.0354556455007997       0.0000000000000000
 -1.2545385796318058      0.0557160143583995       0.0000000000000000
 -1.2545385796318058      0.0658461987871995       0.0000000000000000
 -1.2545385796318058      0.0861065676447993       0.0000000000000000
 -1.2545385796318058      0.0962367520735992       0.0000000000000000
 -1.2457655825714435     -0.1114320287167991       0.0000000000000000
 -1.2457655825714435     -0.1013018442879992       0.0000000000000000
 -1.2457655825714435     -0.0810414754303993       0.0000000000000000
 -1.2457655825714435     -0.0709112910015994       0.0000000000000000
 -1.2457655825714435     -0.0506509221439996       0.0000000000000000
 -1.2457655825714435     -0.0405207377151997       0.0000000000000000
 -1.2457655825714435     -0.0202603688575998       0.0000000000000000
 -1.2457655825714435     -0.0101301844287999       0.0000000000000000
 -1.2457655825714435      0.0101301844287999       0.0000000000000000
 -1.2457655825714435      0.0202603688575998       0.0000000000000000
 -1.2457655825714435      0.0405207377151997       0.0000000000000000
 -1.2457655825714435      0.0506509221439996       0.0000000000000000
 -1.2457655825714435      0.0709112910015994       0.0000000000000000
 -1.2457655825714435      0.0810414754303993       0.0000000000000000
 -1.2457655825714435      0.1013018442879992       0.0000000000000000
 -1.2457655825714435      0.1114320287167991       0.0000000000000000
 -1.2369925855110813     -0.1266273053599989       0.0000000000000000
 -1.2369925855110813     -0.1164971209311990       0.0000000000000000
 -1.2369925855110813     -0.0962367520735992       0.0000000000000000
 -1.2369925855110813     -0.0861065676447993       0.0000000000000000
 -1.2369925855110813     -0.0658461987871995       0.0000000000000000
 -1.2369925855110813     -0.0557160143583995       0.0000000000000000
 -1.2369925855110813     -0.0354556455007997       0.0000000000000000
 -1.2369925855110813     -0.0253254610719998       0.0000000000000000
 -1.2369925855110813     -0.0050650922144000       0.0000000000000000
 -1.2369925855110813      0.0050650922144000       0.0000000000000000
 -1.2369925855110813      0.0253254610719998       0.0000000000000000
 -1.2369925855110813      0.0354556455007997       0.0000000000000000
 -1.2369925855110813      0.0557160143583995       0.0000000000000000
 -1.2369925855110813      0.0658461987871995       0.0000000000000000
 -1.2369925855110813      0.0861065676447993       0.0000000000000000
 -1.2369925855110813      0.0962367520735992       0.0000000000000000
 -1.2369925855110813      0.1164971209311990       0.0000000000000000
 -1.2369925855110813      0.1266273053599989       0.0000000000000000
 -1.2282195884507192     -0.1418225820031988       0.0000000000000000
 -1.2282195884507192     -0.1316923975743989       0.0000000000000000
 -1.2282195884507192     -0.1114320287167991       0.0000000000000000
 -1.2282195884507192     -0.1013018442879992       0.0000000000000000
 -1.2282195884507192     -0.0810414754303993       0.0000000000000000
 -1.2282195884507192     -0.0709112910015994       0.0000000000000000
 -1.2282195884507192     -0.0506509221439996       0.0000000000000000
 -1.2282195884507192     -0.0405207377151997       0.0000000000000000
 -1.2282195884507192     -0.0202603688575998       0.0000000000000000
 -1.2282195884507192     -0.0101301844287999       0.0000000000000000
 -1.2282195884507192      0.0101301844287999       0.0000000000000000
 -1.2282195884507192      0.0202603688575998       0.0000000000000000
 -1.2282195884507192      0.0405207377151997       0.0000000000000000
 -1.2282195884507192      0.0506509221439996       0.0000000000000000
 -1.2282195884507192      0.0709112910015994       0.0000000000000000
 -1.2282195884507192      0.0810414754303993       0.0000000000000000
 -1.2282195884507192      0.1013018442879992       0.0000000000000000
 -1.2282195884507192      0.1114320287167991       0.0000000000000000
 -1.2282195884507192      0.1316923975743989       0.0000000000000000
 -1.2282195884507192      0.1418225820031988       0.0000000000000000
 -1.2194465913903567     -0.1570178586463987       0.0000000000000000
 -1.2194465913903567     -0.1468876742175988       0.0000000000000000
 -1.2194465913903567     -0.1266273053599989       0.0000000000000000
 -1.2194465913903567     -0.1164971209311990       0.0000000000000000
 -1.2194465913903567     -0.0962367520735992       0.0000000000000000
 -1.2194465913903567     -0.0861065676447993       0.0000000000000000
 -1.2194465913903567     -0.0658461987871995       0.0000000000000000
 -1.2194465913903567     -0.0557160143583995       0.0000000000000000
 -1.2194465913903567     -0.0354556455007997       0.0000000000000000
 -1.2194465913903567     -0.0253254610719998       0.0000000000000000
 -1.2194465913903567     -0.0050650922144000       0.0000000000000000
 -1.2194465913903567      0.0050650922144000       0.0000000000000000
 -1.2194465913903567      0.0253254610719998       0.0000000000000000
 -1.2194465913903567      0.0354556455007997       0.0000000000000000
 -1.2194465913903567      0.0557160143583995       0.0000000000000000
 -1.2194465913903567      0.0658461987871995       0.0000000000000000
 -1.2194465913903567      0.0861065676447993       0.0000000000000000
 -1.2194465913903567      0.0962367520735992       0.0000000000000000
 -1.2194465913903567      0.1164971209311990       0.0000000000000000
 -1.2194465913903567      0.1266273053599989       0.0000000000000000
 -1.2194465913903567      0.1468876742175988       0.0000000000000000
 -1.2194465913903567      0.1570178586463987       0.0000000000000000
 -1.2106735943299947     -0.1722131352895986       0.0000000000000000
 -1.2106735943299947     -0.1620829508607987       0.0000000000000000
 -1.2106735943299947     -0.1418225820031988       0.0000000000000000
 -1.2106735943299947     -0.1316923975743989       0.0000000000000000
 -1.2106735943299947     -0.1114320287167991       0.0000000000000000
 -1.2106735943299947     -0.1013018442879992       0.0000000000000000
 -1.2106735943299947     -0.0810414754303993       0.0000000000000000
 -1.2106735943299947     -0.0709112910015994       0.0000000000000000
 -1.2106735943299947     -0.0506509221439996       0.0000000000000000
 -1.2106735943299947     -0.0405207377151997       0.0000000000000000
 -1.2106735943299947     -0.0202603688575998       0.0000000000000000
 -1.2106735943299947     -0.0101301844287999       0.0000000000000000
 -1.2106735943299947      0.0101301844287999       0.0000000000000000
 -1.2106735943299947      0.0202603688575998       0.0000000000000000
 -1.2106735943299947      0.0405207377151997       0.0000000000000000
 -1.2106735943299947      0.0506509221439996       0.0000000000000000
 -1.2106735943299947      0.0709112910015994       0.0000000000000000
 -1.2106735943299947      0.0810414754303993       0.0000000000000000
 -1.2106735943299947      0.1013018442879992       0.0000000000000000
 -1.2106735943299947      0.1114320287167991       0.0000000000000000
 -1.2106735943299947      0.1316923975743989       0.0000000000000000
 -1.2106735943299947      0.1418225820031988       0.0000000000000000
 -1.2106735943299947      0.1620829508607987       0.0000000000000000
 -1.2106735943299947      0.1722131352895986       0.0000000000000000
 -1.2019005972696324     -0.1874084119327984       0.0000000000000000
 -1.2019005972696324     -0.1772782275039985       0.0000000000000000
 -1.2019005972696324     -0.1570178586463987       0.0000000000000000
 -1.2019005972696324     -0.1468876742175988       0.0000000000000000
 -1.2019005972696324     -0.1266273053599989       0.0000000000000000
 -1.2019005972696324     -0.1164971209311990       0.0000000000000000
 -1.2019005972696324     -0.0962367520735992       0.0000000000000000
 -1.2019005972696324     -0.0861065676447993       0.0000000000000000
 -1.2019005972696324     -0.0658461987871995       0.0000000000000000
 -1.2019005972696324     -0.0557160143583995       0.0000000000000000
 -1.2019005972696324     -0.0354556455007997       0.0000000000000000
 -1.2019005972696324     -0.0253254610719998       0.0000000000000000
 -1.2019005972696324     -0.0050650922144000       0.0000000000000000
 -1.2019005972696324      0.0050650922144000       0.0000000000000000
 -1.2019005972696324      0.0253254610719998       0.0000000000000000
 -1.2019005972696324      0.0354556455007997       0.0000000000000000
 -1.2019005972696324      0.0557160143583995       0.0000000000000000
 -1.2019005972696324      0.0658461987871995       0.0000000000000000
 -1.2019005972696324      0.0861065676447993       0.0000000000000000
 -1.2019005972696324      0.0962367520735992       0.0000000000000000
 -1.2019005972696324      0.1164971209311990       0.0000000000000000
 -1.2019005972696324      0.1266273053599989       0.0000000000000000
 -1.2019005972696324      0.1468876742175988       0.0000000000000000
 -1.2019005972696324      0.1570178586463987       0.0000000000000000
 -1.2019005972696324      0.1772782275039985       0.0000000000000000
 -1.2019005972696324      0.1874084119327984       0.0000000000000000
 -1.1931276002092699     -0.2026036885759983       0.0000000000000000
 -1.1931276002092699     -0.1924735041471984       0.0000000000000000
 -1.1931276002092699     -0.1722131352895986       0.0000000000000000
 -1.1931276002092699     -0.1620829508607987       0.0000000000000000
 -1.1931276002092699     -0.1418225820031988       0.0000000000000000
 -1.1931276002092699     -0.1316923975743989       0.0000000000000000
 -1.1931276002092699     -0.1114320287167991       0.0000000000000000
 -1.1931276002092699     -0.1013018442879992       0.0000000000000000
 -1.1931276002092699     -0.0810414754303993       0.0000000000000000
 -1.1931276002092699     -0.0709112910015994       0.0000000000000000
 -1.1931276002092699     -0.0506509221439996       0.0000000000000000
 -1.1931276002092699     -0.0405207377151997       0.0000000000000000
 -1.1931276002092699     -0.0202603688575998       0.0000000000000000
 -1.1931276002092699     -0.0101301844287999       0.0000000000000000
 -1.1931276002092699      0.0101301844287999       0.0000000000000000
 -1.1931276002092699      0.0202603688575998       0.0000000000000000
 -1.1931276002092699      0.0405207377151997       0.0000000000000000
 -1.1931276002092699      0.0506509221439996       0.0000000000000000
 -1.1931276002092699      0.0709112910015994       0.0000000000000000
 -1.1931276002092699      0.0810414754303993       0.0000000000000000
 -1.1931276002092699      0.1013018442879992       0.0000000000000000
 -1.1931276002092699      0.1114320287167991       0.0000000000000000
 -1.1931276002092699      0.1316923975743989       0.0000000000000000
 -1.1931276002092699      0.1418225820031988       0.0000000000000000
 -1.1931276002092699      0.1620829508607987       0.0000000000000000
 -1.1931276002092699      0.1722131352895986       0.0000000000000000
 -1.1931276002092699      0.1924735041471984       0.0000000000000000
 -1.1931276002092699      0.2026036885759983       0.0000000000000000
 -1.1843546031489076     -0.2177989652191982       0.0000000000000000
 -1.1843546031489076     -0.2076687807903983       0.0000000000000000
 -1.1843546031489076     -0.1874084119327984       0.0000000000000000
 -1.1843546031489076     -0.1772782275039985       0.0000000000000000
 -1.1843546031489076     -0.1570178586463987       0.0000000000000000
 -1.1843546031489076     -0.1468876742175988       0.0000000000000000
 -1.1843546031489076     -0.1266273053599989       0.0000000000000000
 -1.1843546031489076     -0.1164971209311990       0.0000000000000000
 -1.1843546031489076     -0.0962367520735992       0.0000000000000000
 -1.1843546031489076     -0.0861065676447993       0.0000000000000000
 -1.1843546031489076     -0.0658461987871995       0.0000000000000000
 -1.1843546031489076     -0.0557160143583995       0.0000000000000000
 -1.1843546031489076     -0.0354556455007997       0.0000000000000000
 -1.1843546031489076     -0.0253254610719998       0.0000000000000000
 -1.1843546031489076     -0.0050650922144000       0.0000000000000000
 -1.1843546031489076      0.0050650922144000       0.0000000000000000
 -1.1843546031489076      0.0253254610719998       0.0000000000000000
 -1.1843546031489076      0.0354556455007997       0.0000000000000000
 -1.1843546031489076      0.0557160143583995       0.0000000000000000
 -1.1843546031489076      0.0658461987871995       0.0000000000000000
 -1.1843546031489076      0.0861065676447993       0.0000000000000000
 -1.1843546031489076      0.0962367520735992       0.0000000000000000
 -1.1843546031489076      0.1164971209311990       0.0000000000000000
 -1.1843546031489076      0.1266273053599989       0.0000000000000000
 -1.1843546031489076      0.1468876742175988       0.0000000000000000
 -1.1843546031489076      0.1570178586463987       0.0000000000000000
 -1.1843546031489076      0.1772782275039985       0.0000000000000000
 -1.1843546031489076      0.1874084119327984       0.0000000000000000
 -1.1843546031489076      0.2076687807903983       0.0000000000000000
 -1.1843546031489076      0.2177989652191982       0.0000000000000000
 -1.1755816060885453     -0.2026036885759983       0.0000000000000000
 -1.1755816060885453     -0.1924735041471984       0.0000000000000000
 -1.1755816060885453     -0.1722131352895986       0.0000000000000000
 -1.1755816060885453     -0.1620829508607987       0.0000000000000000
 -1.1755816060885453     -0.1418225820031988       0.0000000000000000
 -1.1755816060885453     -0.1316923975743989       0.0000000000000000
 -1.1755816060885453     -0.1114320287167991       0.0000000000000000
 -1.1755816060885453     -0.1013018442879992       0.0000000000000000
 -1.1755816060885453     -0.0810414754303993       0.0000000000000000
 -1.1755816060885453     -0.0709112910015994       0.0000000000000000
 -1.1755816060885453     -0.0506509221439996       0.0000000000000000
 -1.1755816060885453     -0.0405207377151997       0.0000000000000000
 -1.1755816060885453     -0.0202603688575998       0.0000000000000000
 -1.1755816060885453     -0.0101301844287999       0.0000000000000000
 -1.1755816060885453      0.0101301844287999       0.0000000000000000
 -1.1755816060885453      0.0202603688575998       0.0000000000000000
 -1.1755816060885453      0.0405207377151997       0.0000000000000000
 -1.1755816060885453      0.0506509221439996       0.0000000000000000
 -1.1755816060885453      0.0709112910015994       0.0000000000000000
 -1.1755816060885453      0.0810414754303993       0.0000000000000000
 -1.1755816060885453      0.1013018442879992       0.0000000000000000
 -1.1755816060885453      0.1114320287167991       0.0000000000000000
 -1.1755816060885453      0.1316923975743989       0.0000000000000000
 -1.1755816060885453      0.1418225820031988       0.0000000000000000
 -1.1755816060885453      0.1620829508607987       0.0000000000000000
 -1.1755816060885453      0.1722131352895986       0.0000000000000000
 -1.1755816060885453      0.1924735041471984       0.0000000000000000
 -1.1755816060885453      0.2026036885759983       0.0000000000000000
 -1.1668086090281833     -0.1874084119327984       0.0000000000000000
 -1.1668086090281833     -0.1772782275039985       0.0000000000000000
 -1.1668086090281833     -0.1570178586463987       0.0000000000000000
 -1.1668086090281833     -0.1468876742175988       0.0000000000000000
 -1.1668086090281833     -0.1266273053599989       0.0000000000000000
 -1.1668086090281833     -0.1164971209311990       0.0000000000000000
 -1.1668086090281833     -0.0962367520735992       0.0000000000000000
 -1.1668086090281833     -0.0861065676447993       0.0000000000000000
 -1.1668086090281833     -0.0658461987871995       0.0000000000000000
 -1.1668086090281833     -0.0557160143583995       0.0000000000000000
 -1.1668086090281833     -0.0354556455007997       0.0000000000000000
 -1.1668086090281833     -0.0253254610719998       0.0000000000000000
 -1.1668086090281833     -0.0050650922144000       0.0000000000000000
 -1.1668086090281833      0.0050650922144000       0.0000000000000000
 -1.1668086090281833      0.0253254610719998       0.0000000000000000
 -1.1668086090281833      0.0354556455007997       0.0000000000000000
 -1.1668086090281833      0.0557160143583995       0.0000000000000000
 -1.1668086090281833      0.0658461987871995       0.0000000000000000
 -1.1668086090281833      0.0861065676447993       0.0000000000000000
 -1.1668086090281833      0.0962367520735992       0.0000000000000000
 -1.1668086090281833      0.1164971209311990       0.0000000000000000
 -1.1668086090281833      0.1266273053599989       0.0000000000000000
 -1.1668086090281833      0.1468876742175988       0.0000000000000000
 -1.1668086090281833      0.1570178586463987       0.0000000000000000
 -1.1668086090281833      0.1772782275039985       0.0000000000000000
 -1.1668086090281833      0.1874084119327984       0.0000000000000000
 -1.1580356119678208     -0.1722131352895986       0.0000000000000000
 -1.1580356119678208     -0.1620829508607987       0.0000000000000000
 -1.1580356119678208     -0.1418225820031988       0.0000000000000000
 -1.1580356119678208     -0.1316923975743989       0.0000000000000000
 -1.1580356119678208     -0.1114320287167991       0.0000000000000000
 -1.1580356119678208     -0.1013018442879992       0.0000000000000000
 -1.1580356119678208     -0.0810414754303993       0.0000000000000000
 -1.1580356119678208     -0.0709112910015994       0.0000000000000000
 -1.1580356119678208     -0.0506509221439996       0.0000000000000000
 -1.1580356119678208     -0.0405207377151997       0.0000000000000000
 -1.1580356119678208     -0.0202603688575998       0.0000000000000000
 -1.1580356119678208     -0.0101301844287999       0.0000000000000000
 -1.1580356119678208      0.0101301844287999       0.0000000000000000
 -1.1580356119678208      0.0202603688575998       0.0000000000000000
 -1.1580356119678208      0.0405207377151997       0.0000000000000000
 -1.1580356119678208      0.0506509221439996       0.0000000000000000
 -1.1580356119678208      0.0709112910015994       0.0000000000000000
 -1.1580356119678208      0.0810414754303993       0.0000000000000000
 -1.1580356119678208      0.1013018442879992       0.0000000000000000
 -1.1580356119678208      0.1114320287167991       0.0000000000000000
 -1.1580356119678208      0.1316923975743989       0.0000000000000000
 -1.1580356119678208      0.1418225820031988       0.0000000000000000
 -1.1580356119678208      0.1620829508607987       0.0000000000000000
 -1.1580356119678208      0.1722131352895986       0.0000000000000000
 -1.1492626149074585     -0.1570178586463987       0.0000000000000000
 -1.1492626149074585     -0.1468876742175988       0.0000000000000000
 -1.1492626149074585     -0.1266273053599989       0.0000000000000000
 -1.1492626149074585     -0.1164971209311990       0.0000000000000000
 -1.1492626149074585     -0.0962367520735992       0.0000000000000000
 -1.1492626149074585     -0.0861065676447993       0.0000000000000000
 -1.1492626149074585     -0.0658461987871995       0.0000000000000000
 -1.1492626149074585     -0.0557160143583995       0.0000000000000000
 -1.1492626149074585     -0.0354556455007997       0.0000000000000000
 -1.1492626149074585     -0.0253254610719998       0.0000000000000000
 -1.1492626149074585     -0.0050650922144000       0.0000000000000000
 -1.1492626149074585      0.0050650922144000       0.0000000000000000
 -1.1492626149074585      0.0253254610719998       0.0000000000000000
 -1.1492626149074585      0.0354556455007997       0.0000000000000000
 -1.1492626149074585      0.0557160143583995       0.0000000000000000
 -1.1492626149074585      0.0658461987871995       0.0000000000000000
 -1.1492626149074585      0.0861065676447993       0.0000000000000000
 -1.1492626149074585      0.0962367520735992       0.0000000000000000
 -1.1492626149074585      0.1164971209311990       0.0000000000000000
 -1.1492626149074585      0.1266273053599989       0.0000000000000000
 -1.1492626149074585      0.1468876742175988       0.0000000000000000
 -1.1492626149074585      0.1570178586463987       0.0000000000000000
 -1.1404896178470965     -0.1418225820031988       0.0000000000000000
 -1.1404896178470965     -0.1316923975743989       0.0000000000000000
 -1.1404896178470965     -0.1114320287167991       0.0000000000000000
 -1.1404896178470965     -0.1013018442879992       0.0000000000000000
 -1.1404896178470965     -0.0810414754303993       0.0000000000000000
 -1.1404896178470965     -0.0709112910015994       0.0000000000000000
 -1.1404896178470965     -0.0506509221439996       0.0000000000000000
 -1.1404896178470965     -0.0405207377151997       0.0000000000000000
 -1.1404896178470965     -0.0202603688575998       0.0000000000000000
 -1.1404896178470965     -0.0101301844287999       0.0000000000000000
 -1.1404896178470965      0.0101301844287999       0.0000000000000000
 -1.1404896178470965      0.0202603688575998       0.0000000000000000
 -1.1404896178470965      0.0405207377151997       0.0000000000000000
 -1.1404896178470965      0.0506509221439996       0.0000000000000000
 -1.1404896178470965      0.0709112910015994       0.0000000000000000
 -1.1404896178470965      0.0810414754303993       0.0000000000000000
 -1.1404896178470965      0.1013018442879992       0.0000000000000000
 -1.1404896178470965      0.1114320287167991       0.0000000000000000
 -1.1404896178470965      0.1316923975743989       0.0000000000000000
 -1.1404896178470965      0.1418225820031988       0.0000000000000000
 -1.1317166207867342     -0.1266273053599989       0.0000000000000000
 -1.1317166207867342     -0.1164971209311990       0.0000000000000000
 -1.1317166207867342     -0.0962367520735992       0.0000000000000000
 -1.1317166207867342     -0.0861065676447993       0.0000000000000000
 -1.1317166207867342     -0.0658461987871995       0.0000000000000000
 -1.1317166207867342     -0.0557160143583995       0.0000000000000000
 -1.1317166207867342     -0.0354556455007997       0.0000000000000000
 -1.1317166207867342     -0.0253254610719998       0.0000000000000000
 -1.1317166207867342     -0.0050650922144000       0.0000000000000000
 -1.1317166207867342      0.0050650922144000       0.0000000000000000
 -1.1317166207867342      0.0253254610719998       0.0000000000000000
 -1.1317166207867342      0.0354556455007997       0.0000000000000000
 -1.1317166207867342      0.0557160143583995       0.0000000000000000
 -1.1317166207867342      0.0658461987871995       0.0000000000000000
 -1.1317166207867342      0.0861065676447993       0.0000000000000000
 -1.1317166207867342      0.0962367520735992       0.0000000000000000
 -1.1317166207867342      0.1164971209311990       0.0000000000000000
 -1.1317166207867342      0.1266273053599989       0.0000000000000000
 -1.1229436237263717     -0.1114320287167991       0.0000000000000000
 -1.1229436237263717     -0.1013018442879992       0.0000000000000000
 -1.1229436237263717     -0.0810414754303993       0.0000000000000000
 -1.1229436237263717     -0.0709112910015994       0.0000000000000000
 -1.1229436237263717     -0.0506509221439996       0.0000000000000000
 -1.1229436237263717     -0.0405207377151997       0.0000000000000000
 -1.1229436237263717     -0.0202603688575998       0.0000000000000000
 -1.1229436237263717     -0.0101301844287999       0.0000000000000000
 -1.1229436237263717      0.0101301844287999       0.0000000000000000
 -1.1229436237263717      0.0202603688575998       0.0000000000000000
 -1.1229436237263717      0.0405207377151997       0.0000000000000000
 -1.1229436237263717      0.0506509221439996       0.0000000000000000
 -1.1229436237263717      0.0709112910015994       0.0000000000000000
 -1.1229436237263717      0.0810414754303993       0.0000000000000000
 -1.1229436237263717      0.1013018442879992       0.0000000000000000
 -1.1229436237263717      0.1114320287167991       0.0000000000000000
 -1.1141706266660094     -0.0962367520735992       0.0000000000000000
 -1.1141706266660094     -0.0861065676447993       0.0000000000000000
 -1.1141706266660094     -0.0658461987871995       0.0000000000000000
 -1.1141706266660094     -0.0557160143583995       0.0000000000000000
 -1.1141706266660094     -0.0354556455007997       0.0000000000000000
 -1.1141706266660094     -0.0253254610719998       0.0000000000000000
 -1.1141706266660094     -0.0050650922144000       0.0000000000000000
 -1.1141706266660094      0.0050650922144000       0.0000000000000000
 -1.1141706266660094      0.0253254610719998       0.0000000000000000
 -1.1141706266660094      0.0354556455007997       0.0000000000000000
 -1.1141706266660094      0.0557160143583995       0.0000000000000000
 -1.1141706266660094      0.0658461987871995       0.0000000000000000
 -1.1141706266660094      0.0861065676447993       0.0000000000000000
 -1.1141706266660094      0.0962367520735992       0.0000000000000000
 -1.1053976296056471     -0.0810414754303993       0.0000000000000000
 -1.1053976296056471     -0.0709112910015994       0.0000000000000000
 -1.1053976296056471     -0.0506509221439996       0.0000000000000000
 -1.1053976296056471     -0.0405207377151997       0.0000000000000000
 -1.1053976296056471     -0.0202603688575998       0.0000000000000000
 -1.1053976296056471     -0.0101301844287999       0.0000000000000000
 -1.1053976296056471      0.0101301844287999       0.0000000000000000
 -1.1053976296056471      0.0202603688575998       0.0000000000000000
 -1.1053976296056471      0.0405207377151997       0.0000000000000000
 -1.1053976296056471      0.0506509221439996       0.0000000000000000
 -1.1053976296056471      0.0709112910015994       0.0000000000000000
 -1.1053976296056471      0.0810414754303993       0.0000000000000000
 -1.0966246325452846     -0.0658461987871995       0.0000000000000000
 -1.0966246325452846     -0.0557160143583995       0.0000000000000000
 -1.0966246325452846     -0.0354556455007997       0.0000000000000000
 -1.0966246325452846     -0.0253254610719998       0.0000000000000000
 -1.0966246325452846     -0.0050650922144000       0.0000000000000000
 -1.0966246325452846      0.0050650922144000       0.0000000000000000
 -1.0966246325452846      0.0253254610719998       0.0000000000000000
 -1.0966246325452846      0.0354556455007997       0.0000000000000000
 -1.0966246325452846      0.0557160143583995       0.0000000000000000
 -1.0966246325452846      0.0658461987871995       0.0000000000000000
 -1.0878516354849226     -0.0506509221439996       0.0000000000000000
 -1.0878516354849226     -0.0405207377151997       0.0000000000000000
 -1.0878516354849226     -0.0202603688575998       0.0000000000000000
 -1.0878516354849226     -0.0101301844287999       0.0000000000000000
 -1.0878516354849226      0.0101301844287999       0.0000000000000000
 -1.0878516354849226      0.0202603688575998       0.0000000000000000
 -1.0878516354849226      0.0405207377151997       0.0000000000000000
 -1.0878516354849226      0.0506509221439996       0.0000000000000000
 -1.0790786384245603     -0.0354556455007997       0.0000000000000000
 -1.0790786384245603     -0.0253254610719998       0.0000000000000000
 -1.0790786384245603     -0.0050650922144000       0.0000000000000000
 -1.0790786384245603      0.0050650922144000       0.0000000000000000
 -1.0790786384245603      0.0253254610719998       0.0000000000000000
 -1.0790786384245603      0.0354556455007997       0.0000000000000000
 -1.0703056413641983     -0.0202603688575998       0.0000000000000000
 -1.0703056413641983     -0.0101301844287999       0.0000000000000000
 -1.0703056413641983      0.0101301844287999       0.0000000000000000
 -1.0703056413641983      0.0202603688575998       0.0000000000000000
 -1.0615326443038358     -0.0050650922144000       0.0000000000000000
 -1.0615326443038358      0.0050650922144000       0.0000000000000000
 -0.7807967383722427     -0.9167816908063926       0.0000000000000000
 -0.7807967383722427      0.9167816908063926       0.0000000000000000
 -0.7720237413118806     -0.9319769674495924       0.0000000000000000
 -0.7720237413118806     -0.9218467830207924       0.0000000000000000
 -0.7720237413118806      0.9218467830207924       0.0000000000000000
 -0.7720237413118806      0.9319769674495924       0.0000000000000000
 -0.7632507442515184     -0.9471722440927922       0.0000000000000000
 -0.7632507442515184     -0.9370420596639923       0.0000000000000000
 -0.7632507442515184     -0.9167816908063926       0.0000000000000000
 -0.7632507442515184      0.9167816908063926       0.0000000000000000
 -0.7632507442515184      0.9370420596639923       0.0000000000000000
 -0.7632507442515184      0.9471722440927922       0.0000000000000000
 -0.7544777471911560     -0.9623675207359921       0.0000000000000000
 -0.7544777471911560     -0.9522373363071921       0.0000000000000000
 -0.7544777471911560     -0.9319769674495924       0.0000000000000000
 -0.7544777471911560     -0.9218467830207924       0.0000000000000000
 -0.7544777471911560      0.9218467830207924       0.0000000000000000
 -0.7544777471911560      0.9319769674495924       0.0000000000000000
 -0.7544777471911560      0.9522373363071921       0.0000000000000000
 -0.7544777471911560      0.9623675207359921       0.0000000000000000
 -0.7457047501307937     -0.9775627973791919       0.0000000000000000
 -0.7457047501307937     -0.9674326129503920       0.0000000000000000
 -0.7457047501307937     -0.9471722440927922       0.0000000000000000
 -0.7457047501307937     -0.9370420596639923       0.0000000000000000
 -0.7457047501307937     -0.9167816908063926       0.0000000000000000
 -0.7457047501307937      0.9167816908063926       0.0000000000000000
 -0.7457047501307937      0.9370420596639923       0.0000000000000000
 -0.7457047501307937      0.9471722440927922       0.0000000000000000
 -0.7457047501307937      0.9674326129503920       0.0000000000000000
 -0.7457047501307937      0.9775627973791919       0.0000000000000000
 -0.7369317530704315     -0.9826278895935918       0.0000000000000000
 -0.7369317530704315     -0.9623675207359921       0.0000000000000000
 -0.7369317530704315     -0.9522373363071921       0.0000000000000000
 -0.7369317530704315     -0.9319769674495924       0.0000000000000000
 -0.7369317530704315      0.9319769674495924       0.0000000000000000
 -0.7369317530704315      0.9522373363071921       0.0000000000000000
 -0.7369317530704315      0.9623675207359921       0.0000000000000000
 -0.7369317530704315      0.9826278895935918       0.0000000000000000
 -0.7369317530704314     -0.9927580740223917       0.0000000000000000
 -0.7369317530704314     -0.9218467830207924       0.0000000000000000
 -0.7369317530704314      0.9218467830207924       0.0000000000000000
 -0.7369317530704314      0.9927580740223917       0.0000000000000000
 -0.7281587560100692     -1.0079533506655918       0.0000000000000000
 -0.7281587560100692     -0.9978231662367917       0.0000000000000000
 -0.7281587560100692     -0.9775627973791919       0.0000000000000000
 -0.7281587560100692     -0.9674326129503920       0.0000000000000000
 -0.7281587560100692     -0.9471722440927922       0.0000000000000000
 -0.7281587560100692     -0.9370420596639923       0.0000000000000000
 -0.7281587560100692     -0.9167816908063926       0.0000000000000000
 -0.7281587560100692      0.9167816908063926       0.0000000000000000
 -0.7281587560100692      0.9370420596639923       0.0000000000000000
 -0.7281587560100692      0.9471722440927922       0.0000000000000000
 -0.7281587560100692      0.9674326129503920       0.0000000000000000
 -0.7281587560100692      0.9775627973791919       0.0000000000000000
 -0.7281587560100692      0.9978231662367917       0.0000000000000000
 -0.7281587560100692      1.0079533506655918       0.0000000000000000
 -0.7193857589497068     -1.0231486273087917       0.0000000000000000
 -0.7193857589497068     -1.0130184428799918       0.0000000000000000
 -0.7193857589497068     -0.9927580740223917       0.0000000000000000
 -0.7193857589497068     -0.9826278895935918       0.0000000000000000
 -0.7193857589497068     -0.9623675207359921       0.0000000000000000
 -0.7193857589497068     -0.9522373363071921       0.0000000000000000
 -0.7193857589497068     -0.9319769674495924       0.0000000000000000
 -0.7193857589497068     -0.9218467830207924       0.0000000000000000
 -0.7193857589497068      0.9218467830207924       0.0000000000000000
 -0.7193857589497068      0.9319769674495924       0.0000000000000000
 -0.7193857589497068      0.9522373363071921       0.0000000000000000
 -0.7193857589497068      0.9623675207359921       0.0000000000000000
 -0.7193857589497068      0.9826278895935918       0.0000000000000000
 -0.7193857589497068      0.9927580740223917       0.0000000000000000
 -0.7193857589497068      1.0130184428799918       0.0000000000000000
 -0.7193857589497068      1.0231486273087917       0.0000000000000000
 -0.7106127618893447     -1.0383439039519917       0.0000000000000000
 -0.7106127618893447     -1.0282137195231915       0.0000000000000000
 -0.7106127618893447     -1.0079533506655918       0.0000000000000000
 -0.7106127618893447     -0.9978231662367917       0.0000000000000000
 -0.7106127618893447     -0.9775627973791919       0.0000000000000000
 -0.7106127618893447     -0.9674326129503920       0.0000000000000000
 -0.7106127618893447     -0.9471722440927922       0.0000000000000000
 -0.7106127618893447     -0.9370420596639923       0.0000000000000000
 -0.7106127618893447     -0.9167816908063926       0.0000000000000000
 -0.7106127618893447      0.9167816908063926       0.0000000000000000
 -0.7106127618893447      0.9370420596639923       0.0000000000000000
 -0.7106127618893447      0.9471722440927922       0.0000000000000000
 -0.7106127618893447      0.9674326129503920       0.0000000000000000
 -0.7106127618893447      0.9775627973791919       0.0000000000000000
 -0.7106127618893447      0.9978231662367917       0.0000000000000000
 -0.7106127618893447      1.0079533506655918       0.0000000000000000
 -0.7106127618893447      1.0282137195231915       0.0000000000000000
 -0.7106127618893447      1.0383439039519917       0.0000000000000000
 -0.7018397648289824     -1.0535391805951912       0.0000000000000000
 -0.7018397648289824     -0.9826278895935918       0.0000000000000000
 -0.7018397648289824     -0.9623675207359921       0.0000000000000000
 -0.7018397648289824     -0.9522373363071921       0.0000000000000000
 -0.7018397648289824     -0.9319769674495924       0.0000000000000000
 -0.7018397648289824     -0.9218467830207924       0.0000000000000000
 -0.7018397648289824      0.9218467830207924       0.0000000000000000
 -0.7018397648289824      0.9319769674495924       0.0000000000000000
 -0.7018397648289824      0.9522373363071921       0.0000000000000000
 -0.7018397648289824      0.9623675207359921       0.0000000000000000
 -0.7018397648289824      0.9826278895935918       0.0000000000000000
 -0.7018397648289824      1.0535391805951912       0.0000000000000000
 -0.7018397648289821     -1.0434089961663915       0.0000000000000000
 -0.7018397648289821     -1.0231486273087917       0.0000000000000000
 -0.7018397648289821     -1.0130184428799918       0.0000000000000000
 -0.7018397648289821     -0.9927580740223917       0.0000000000000000
 -0.7018397648289821      0.9927580740223917       0.0000000000000000
 -0.7018397648289821      1.0130184428799918       0.0000000000000000
 -0.7018397648289821      1.0231486273087917       0.0000000000000000
 -0.7018397648289821      1.0434089961663915       0.0000000000000000
 -0.6930667677686202     -1.0687344572383912       0.0000000000000000
 -0.6930667677686202     -1.0586042728095915       0.0000000000000000
 -0.6930667677686202     -0.9775627973791919       0.0000000000000000
 -0.6930667677686202     -0.9674326129503920       0.0000000000000000
 -0.6930667677686202     -0.9471722440927922       0.0000000000000000
 -0.6930667677686202     -0.9370420596639923       0.0000000000000000
 -0.6930667677686202     -0.9167816908063926       0.0000000000000000
 -0.6930667677686202      0.9167816908063926       0.0000000000000000
 -0.6930667677686202      0.9370420596639923       0.0000000000000000
 -0.6930667677686202      0.9471722440927922       0.0000000000000000
 -0.6930667677686202      0.9674326129503920       0.0000000000000000
 -0.6930667677686202      0.9775627973791919       0.0000000000000000
 -0.6930667677686202      1.0586042728095915       0.0000000000000000
 -0.6930667677686202      1.0687344572383912       0.0000000000000000
 -0.6930667677686201     -1.0383439039519917       0.0000000000000000
 -0.6930667677686201     -1.0282137195231915       0.0000000000000000
 -0.6930667677686201     -1.0079533506655918       0.0000000000000000
 -0.6930667677686201     -0.9978231662367917       0.0000000000000000
 -0.6930667677686201      0.9978231662367917       0.0000000000000000
 -0.6930667677686201      1.0079533506655918       0.0000000000000000
 -0.6930667677686201      1.0282137195231915       0.0000000000000000
 -0.6930667677686201      1.0383439039519917       0.0000000000000000
 -0.6842937707082578     -1.0839297338815912       0.0000000000000000
 -0.6842937707082578     -1.0737995494527910       0.0000000000000000
 -0.6842937707082578     -1.0535391805951912       0.0000000000000000
 -0.6842937707082578     -1.0434089961663915       0.0000000000000000
 -0.6842937707082578     -1.0231486273087917       0.0000000000000000
 -0.6842937707082578     -1.0130184428799918       0.0000000000000000
 -0.6842937707082578     -0.9927580740223917       0.0000000000000000
 -0.6842937707082578     -0.9826278895935918       0.0000000000000000
 -0.6842937707082578     -0.9623675207359921       0.0000000000000000
 -0.6842937707082578     -0.9522373363071921       0.0000000000000000
 -0.6842937707082578     -0.9319769674495924       0.0000000000000000
 -0.6842937707082578     -0.9218467830207924       0.0000000000000000
 -0.6842937707082578      0.9218467830207924       0.0000000000000000
 -0.6842937707082578      0.9319769674495924       0.0000000000000000
 -0.6842937707082578      0.9522373363071921       0.0000000000000000
 -0.6842937707082578      0.9623675207359921       0.0000000000000000
 -0.6842937707082578      0.9826278895935918       0.0000000000000000
 -0.6842937707082578      0.9927580740223917       0.0000000000000000
 -0.6842937707082578      1.0130184428799918       0.0000000000000000
 -0.6842937707082578      1.0231486273087917       0.0000000000000000
 -0.6842937707082578      1.0434089961663915       0.0000000000000000
 -0.6842937707082578      1.0535391805951912       0.0000000000000000
 -0.6842937707082578      1.0737995494527910       0.0000000000000000
 -0.6842937707082578      1.0839297338815912       0.0000000000000000
 -0.6755207736478954     -1.0991250105247909       0.0000000000000000
 -0.6755207736478954     -1.0889948260959910       0.0000000000000000
 -0.6755207736478954     -1.0687344572383912       0.0000000000000000
 -0.6755207736478954     -1.0586042728095915       0.0000000000000000
 -0.6755207736478954     -1.0383439039519917       0.0000000000000000
 -0.6755207736478954     -1.0282137195231915       0.0000000000000000
 -0.6755207736478954     -1.0079533506655918       0.0000000000000000
 -0.6755207736478954     -0.9978231662367917       0.0000000000000000
 -0.6755207736478954     -0.9775627973791919       0.0000000000000000
 -0.6755207736478954     -0.9674326129503920       0.0000000000000000
 -0.6755207736478954     -0.9471722440927922       0.0000000000000000
 -0.6755207736478954     -0.9370420596639923       0.0000000000000000
 -0.6755207736478954     -0.9167816908063926       0.0000000000000000
 -0.6755207736478954      0.9167816908063926       0.0000000000000000
 -0.6755207736478954      0.9370420596639923       0.0000000000000000
 -0.6755207736478954      0.9471722440927922       0.0000000000000000
 -0.6755207736478954      0.9674326129503920       0.0000000000000000
 -0.6755207736478954      0.9775627973791919       0.0000000000000000
 -0.6755207736478954      0.9978231662367917       0.0000000000000000
 -0.6755207736478954      1.0079533506655918       0.0000000000000000
 -0.6755207736478954      1.0282137195231915       0.0000000000000000
 -0.6755207736478954      1.0383439039519917       0.0000000000000000
 -0.6755207736478954      1.0586042728095915       0.0000000000000000
 -0.6755207736478954      1.0687344572383912       0.0000000000000000
 -0.6755207736478954      1.0889948260959910       0.0000000000000000
 -0.6755207736478954      1.0991250105247909       0.0000000000000000
 -0.6667477765875331     -1.1143202871679907       0.0000000000000000
 -0.6667477765875331     -1.1041901027391909       0.0000000000000000
 -0.6667477765875331     -1.0839297338815912       0.0000000000000000
 -0.6667477765875331     -1.0737995494527910       0.0000000000000000
 -0.6667477765875331     -1.0535391805951912       0.0000000000000000
 -0.6667477765875331     -1.0434089961663915       0.0000000000000000
 -0.6667477765875331     -1.0231486273087917       0.0000000000000000
 -0.6667477765875331     -1.0130184428799918       0.0000000000000000
 -0.6667477765875331     -0.9927580740223917       0.0000000000000000
 -0.6667477765875331     -0.9826278895935918       0.0000000000000000
 -0.6667477765875331     -0.9623675207359921       0.0000000000000000
 -0.6667477765875331     -0.9522373363071921       0.0000000000000000
 -0.6667477765875331     -0.9319769674495924       0.0000000000000000
 -0.6667477765875331     -0.9218467830207924       0.0000000000000000
 -0.6667477765875331      0.9218467830207924       0.0000000000000000
 -0.6667477765875331      0.9319769674495924       0.0000000000000000
 -0.6667477765875331      0.9522373363071921       0.0000000000000000
 -0.6667477765875331      0.9623675207359921       0.0000000000000000
 -0.6667477765875331      0.9826278895935918       0.0000000000000000
 -0.6667477765875331      0.9927580740223917       0.0000000000000000
 -0.6667477765875331      1.0130184428799918       0.0000000000000000
 -0.6667477765875331      1.0231486273087917       0.0000000000000000
 -0.6667477765875331      1.0434089961663915       0.0000000000000000
 -0.6667477765875331      1.0535391805951912       0.0000000000000000
 -0.6667477765875331      1.0737995494527910       0.0000000000000000
 -0.6667477765875331      1.0839297338815912       0.0000000000000000
 -0.6667477765875331      1.1041901027391909       0.0000000000000000
 -0.6667477765875331      1.1143202871679907       0.0000000000000000
 -0.6579747795271709     -1.1295155638111907       0.0000000000000000
 -0.6579747795271709     -1.1193853793823909       0.0000000000000000
 -0.6579747795271709     -1.0991250105247909       0.0000000000000000
 -0.6579747795271709     -1.0889948260959910       0.0000000000000000
 -0.6579747795271709     -1.0687344572383912       0.0000000000000000
 -0.6579747795271709     -1.0586042728095915       0.0000000000000000
 -0.6579747795271709     -1.0383439039519917       0.0000000000000000
 -0.6579747795271709     -1.0282137195231915       0.0000000000000000
 -0.6579747795271709     -1.0079533506655918       0.0000000000000000
 -0.6579747795271709     -0.9978231662367917       0.0000000000000000
 -0.6579747795271709     -0.9775627973791919       0.0000000000000000
 -0.6579747795271709     -0.9674326129503920       0.0000000000000000
 -0.6579747795271709     -0.9471722440927922       0.0000000000000000
 -0.6579747795271709     -0.9370420596639923       0.0000000000000000
 -0.6579747795271709     -0.9167816908063926       0.0000000000000000
 -0.6579747795271709      0.9167816908063926       0.0000000000000000
 -0.6579747795271709      0.9370420596639923       0.0000000000000000
 -0.6579747795271709      0.9471722440927922       0.0000000000000000
 -0.6579747795271709      0.9674326129503920       0.0000000000000000
 -0.6579747795271709      0.9775627973791919       0.0000000000000000
 -0.6579747795271709      0.9978231662367917       0.0000000000000000
 -0.6579747795271709      1.0079533506655918       0.0000000000000000
 -0.6579747795271709      1.0282137195231915       0.0000000000000000
 -0.6579747795271709      1.0383439039519917       0.0000000000000000
 -0.6579747795271709      1.0586042728095915       0.0000000000000000
 -0.6579747795271709      1.0687344572383912       0.0000000000000000
 -0.6579747795271709      1.0889948260959910       0.0000000000000000
 -0.6579747795271709      1.0991250105247909       0.0000000000000000
 -0.6579747795271709      1.1193853793823909       0.0000000000000000
 -0.6579747795271709      1.1295155638111907       0.0000000000000000
 -0.6492017824668086     -1.1345806560255904       0.0000000000000000
 -0.6492017824668086     -1.1143202871679907       0.0000000000000000
 -0.6492017824668086     -1.1041901027391909       0.0000000000000000
 -0.6492017824668086     -1.0839297338815912       0.0000000000000000
 -0.6492017824668086     -1.0737995494527910       0.0000000000000000
 -0.6492017824668086     -1.0535391805951912       0.0000000000000000
 -0.6492017824668086     -1.0434089961663915       0.0000000000000000
 -0.6492017824668086     -1.0231486273087917       0.0000000000000000
 -0.6492017824668086     -1.0130184428799918       0.0000000000000000
 -0.6492017824668086     -0.9927580740223917       0.0000000000000000
 -0.6492017824668086     -0.9826278895935918       0.0000000000000000
 -0.6492017824668086     -0.9623675207359921       0.0000000000000000
 -0.6492017824668086     -0.9522373363071921       0.0000000000000000
 -0.6492017824668086     -0.9319769674495924       0.0000000000000000
 -0.6492017824668086     -0.9218467830207924       0.0000000000000000
 -0.6492017824668086      0.9218467830207924       0.0000000000000000
 -0.6492017824668086      0.9319769674495924       0.0000000000000000
 -0.6492017824668086      0.9522373363071921       0.0000000000000000
 -0.6492017824668086      0.9623675207359921       0.0000000000000000
 -0.6492017824668086      0.9826278895935918       0.0000000000000000
 -0.6492017824668086      0.9927580740223917       0.0000000000000000
 -0.6492017824668086      1.0130184428799918       0.0000000000000000
 -0.6492017824668086      1.0231486273087917       0.0000000000000000
 -0.6492017824668086      1.0434089961663915       0.0000000000000000
 -0.6492017824668086      1.0535391805951912       0.0000000000000000
 -0.6492017824668086      1.0737995494527910       0.0000000000000000
 -0.6492017824668086      1.0839297338815912       0.0000000000000000
 -0.6492017824668086      1.1041901027391909       0.0000000000000000
 -0.6492017824668086      1.1143202871679907       0.0000000000000000
 -0.6492017824668086      1.1345806560255904       0.0000000000000000
 -0.6404287854064463     -1.1295155638111904       0.0000000000000000
 -0.6404287854064463     -1.1193853793823909       0.0000000000000000
 -0.6404287854064463     -1.0991250105247909       0.0000000000000000
 -0.6404287854064463     -1.0889948260959910       0.0000000000000000
 -0.6404287854064463     -1.0687344572383912       0.0000000000000000
 -0.6404287854064463     -1.0586042728095915       0.0000000000000000
 -0.6404287854064463     -1.0383439039519917       0.0000000000000000
 -0.6404287854064463     -1.0282137195231915       0.0000000000000000
 -0.6404287854064463     -1.0079533506655918       0.0000000000000000
 -0.6404287854064463     -0.9978231662367917       0.0000000000000000
 -0.6404287854064463     -0.9775627973791919       0.0000000000000000
 -0.6404287854064463     -0.9674326129503920       0.0000000000000000
 -0.6404287854064463     -0.9471722440927922       0.0000000000000000
 -0.6404287854064463     -0.9370420596639923       0.0000000000000000
 -0.6404287854064463     -0.9167816908063926       0.0000000000000000
 -0.6404287854064463      0.9167816908063926       0.0000000000000000
 -0.6404287854064463      0.9370420596639923       0.0000000000000000
 -0.6404287854064463      0.9471722440927922       0.0000000000000000
 -0.6404287854064463      0.9674326129503920       0.0000000000000000
 -0.6404287854064463      0.9775627973791919       0.0000000000000000
 -0.6404287854064463      0.9978231662367917       0.0000000000000000
 -0.6404287854064463      1.0079533506655918       0.0000000000000000
 -0.6404287854064463      1.0282137195231915       0.0000000000000000
 -0.6404287854064463      1.0383439039519917       0.0000000000000000
 -0.6404287854064463      1.0586042728095915       0.0000000000000000
 -0.6404287854064463      1.0687344572383912       0.0000000000000000
 -0.6404287854064463      1.0889948260959910       0.0000000000000000
 -0.6404287854064463      1.0991250105247909       0.0000000000000000
 -0.6404287854064463      1.1193853793823909       0.0000000000000000
 -0.6404287854064463      1.1295155638111904       0.0000000000000000
 -0.6316557883460842     -1.1345806560255904       0.0000000000000000
 -0.6316557883460842     -1.1143202871679907       0.0000000000000000
 -0.6316557883460842     -1.1041901027391909       0.0000000000000000
 -0.6316557883460842     -1.0839297338815912       0.0000000000000000
 -0.6316557883460842     -1.0737995494527910       0.0000000000000000
 -0.6316557883460842     -1.0535391805951912       0.0000000000000000
 -0.6316557883460842     -1.0434089961663915       0.0000000000000000
 -0.6316557883460842     -1.0231486273087917       0.0000000000000000
 -0.6316557883460842     -1.0130184428799918       0.0000000000000000
 -0.6316557883460842     -0.9927580740223917       0.0000000000000000
 -0.6316557883460842     -0.9826278895935918       0.0000000000000000
 -0.6316557883460842     -0.9623675207359921       0.0000000000000000
 -0.6316557883460842     -0.9522373363071921       0.0000000000000000
 -0.6316557883460842     -0.9319769674495924       0.0000000000000000
 -0.6316557883460842     -0.9218467830207924       0.0000000000000000
 -0.6316557883460842      0.9218467830207924       0.0000000000000000
 -0.6316557883460842      0.9319769674495924       0.0000000000000000
 -0.6316557883460842      0.9522373363071921       0.0000000000000000
 -0.6316557883460842      0.9623675207359921       0.0000000000000000
 -0.6316557883460842      0.9826278895935918       0.0000000000000000
 -0.6316557883460842      0.9927580740223917       0.0000000000000000
 -0.6316557883460842      1.0130184428799918       0.0000000000000000
 -0.6316557883460842      1.0231486273087917       0.0000000000000000
 -0.6316557883460842      1.0434089961663915       0.0000000000000000
 -0.6316557883460842      1.0535391805951912       0.0000000000000000
 -0.6316557883460842      1.0737995494527910       0.0000000000000000
 -0.6316557883460842      1.0839297338815912       0.0000000000000000
 -0.6316557883460842      1.1041901027391909       0.0000000000000000
 -0.6316557883460842      1.1143202871679907       0.0000000000000000
 -0.6316557883460842      1.1345806560255904       0.0000000000000000
 -0.6228827912857219     -1.1295155638111904       0.0000000000000000
 -0.6228827912857219     -1.1193853793823909       0.0000000000000000
 -0.6228827912857219     -1.0991250105247912       0.0000000000000000
 -0.6228827912857219     -1.0889948260959910       0.0000000000000000
 -0.6228827912857219     -1.0687344572383912       0.0000000000000000
 -0.6228827912857219     -1.0586042728095915       0.0000000000000000
 -0.6228827912857219     -1.0383439039519917       0.0000000000000000
 -0.6228827912857219     -1.0282137195231915       0.0000000000000000
 -0.6228827912857219     -1.0079533506655918       0.0000000000000000
 -0.6228827912857219     -0.9978231662367917       0.0000000000000000
 -0.6228827912857219     -0.9775627973791919       0.0000000000000000
 -0.6228827912857219     -0.9674326129503920       0.0000000000000000
 -0.6228827912857219     -0.9471722440927922       0.0000000000000000
 -0.6228827912857219     -0.9370420596639923       0.0000000000000000
 -0.6228827912857219     -0.9167816908063926       0.0000000000000000
 -0.6228827912857219      0.9167816908063926       0.0000000000000000
 -0.6228827912857219      0.9370420596639923       0.0000000000000000
 -0.6228827912857219      0.9471722440927922       0.0000000000000000
 -0.6228827912857219      0.9674326129503920       0.0000000000000000
 -0.6228827912857219      0.9775627973791919       0.0000000000000000
 -0.6228827912857219      0.9978231662367917       0.0000000000000000
 -0.6228827912857219      1.0079533506655918       0.0000000000000000
 -0.6228827912857219      1.0282137195231915       0.0000000000000000
 -0.6228827912857219      1.0383439039519917       0.0000000000000000
 -0.6228827912857219      1.0586042728095915       0.0000000000000000
 -0.6228827912857219      1.0687344572383912       0.0000000000000000
 -0.6228827912857219      1.0889948260959910       0.0000000000000000
 -0.6228827912857219      1.0991250105247912       0.0000000000000000
 -0.6228827912857219      1.1193853793823909       0.0000000000000000
 -0.6228827912857219      1.1295155638111904       0.0000000000000000
 -0.6141097942253596     -1.1345806560255904       0.0000000000000000
 -0.6141097942253596     -1.1143202871679909       0.0000000000000000
 -0.6141097942253596     -1.1041901027391909       0.0000000000000000
 -0.6141097942253596     -1.0839297338815910       0.0000000000000000
 -0.6141097942253596     -1.0737995494527910       0.0000000000000000
 -0.6141097942253596     -1.0535391805951912       0.0000000000000000
 -0.6141097942253596     -1.0434089961663915       0.0000000000000000
 -0.6141097942253596     -1.0231486273087917       0.0000000000000000
 -0.6141097942253596     -1.0130184428799918       0.0000000000000000
 -0.6141097942253596     -0.9927580740223917       0.0000000000000000
 -0.6141097942253596     -0.9826278895935918       0.0000000000000000
 -0.6141097942253596     -0.9623675207359921       0.0000000000000000
 -0.6141097942253596     -0.9522373363071921       0.0000000000000000
 -0.6141097942253596     -0.9319769674495924       0.0000000000000000
 -0.6141097942253596     -0.9218467830207924       0.0000000000000000
 -0.6141097942253596      0.9218467830207924       0.0000000000000000
 -0.6141097942253596      0.9319769674495924       0.0000000000000000
 -0.6141097942253596      0.9522373363071921       0.0000000000000000
 -0.6141097942253596      0.9623675207359921       0.0000000000000000
 -0.6141097942253596      0.9826278895935918       0.0000000000000000
 -0.6141097942253596      0.9927580740223917       0.0000000000000000
 -0.6141097942253596      1.0130184428799918       0.0000000000000000
 -0.6141097942253596      1.0231486273087917       0.0000000000000000
 -0.6141097942253596      1.0434089961663915       0.0000000000000000
 -0.6141097942253596      1.0535391805951912       0.0000000000000000
 -0.6141097942253596      1.0737995494527910       0.0000000000000000
 -0.6141097942253596      1.0839297338815910       0.0000000000000000
 -0.6141097942253596      1.1041901027391909       0.0000000000000000
 -0.6141097942253596      1.1143202871679909       0.0000000000000000
 -0.6141097942253596      1.1345806560255904       0.0000000000000000
 -0.6053367971649972     -1.1295155638111904       0.0000000000000000
 -0.6053367971649972     -1.1193853793823909       0.0000000000000000
 -0.6053367971649972     -1.0991250105247912       0.0000000000000000
 -0.6053367971649972     -1.0889948260959910       0.0000000000000000
 -0.6053367971649972     -1.0687344572383912       0.0000000000000000
 -0.6053367971649972     -1.0586042728095915       0.0000000000000000
 -0.6053367971649972     -1.0383439039519917       0.0000000000000000
 -0.6053367971649972     -1.0282137195231915       0.0000000000000000
 -0.6053367971649972     -1.0079533506655918       0.0000000000000000
 -0.6053367971649972     -0.9978231662367917       0.0000000000000000
 -0.6053367971649972     -0.9775627973791919       0.0000000000000000
 -0.6053367971649972     -0.9674326129503920       0.0000000000000000
 -0.6053367971649972     -0.9471722440927922       0.0000000000000000
 -0.6053367971649972     -0.9370420596639923       0.0000000000000000
 -0.6053367971649972     -0.9167816908063926       0.0000000000000000
 -0.6053367971649972      0.9167816908063926       0.0000000000000000
 -0.6053367971649972      0.9370420596639923       0.0000000000000000
 -0.6053367971649972      0.9471722440927922       0.0000000000000000
 -0.6053367971649972      0.9674326129503920       0.0000000000000000
 -0.6053367971649972      0.9775627973791919       0.0000000000000000
 -0.6053367971649972      0.9978231662367917       0.0000000000000000
 -0.6053367971649972      1.0079533506655918       0.0000000000000000
 -0.6053367971649972      1.0282137195231915       0.0000000000000000
 -0.6053367971649972      1.0383439039519917       0.0000000000000000
 -0.6053367971649972      1.0586042728095915       0.0000000000000000
 -0.6053367971649972      1.0687344572383912       0.0000000000000000
 -0.6053367971649972      1.0889948260959910       0.0000000000000000
 -0.6053367971649972      1.0991250105247912       0.0000000000000000
 -0.6053367971649972      1.1193853793823909       0.0000000000000000
 -0.6053367971649972      1.1295155638111904       0.0000000000000000
 -0.5965638001046349     -1.1345806560255904       0.0000000000000000
 -0.5965638001046349     -1.1041901027391909       0.0000000000000000
 -0.5965638001046349     -1.0737995494527910       0.0000000000000000
 -0.5965638001046349     -1.0434089961663915       0.0000000000000000
 -0.5965638001046349     -1.0231486273087917       0.0000000000000000
 -0.5965638001046349     -1.0130184428799918       0.0000000000000000
 -0.5965638001046349     -0.9927580740223917       0.0000000000000000
 -0.5965638001046349     -0.9826278895935918       0.0000000000000000
 -0.5965638001046349     -0.9623675207359921       0.0000000000000000
 -0.5965638001046349     -0.9522373363071921       0.0000000000000000
 -0.5965638001046349     -0.9319769674495924       0.0000000000000000
 -0.5965638001046349     -0.9218467830207924       0.0000000000000000
 -0.5965638001046349      0.9218467830207924       0.0000000000000000
 -0.5965638001046349      0.9319769674495924       0.0000000000000000
 -0.5965638001046349      0.9522373363071921       0.0000000000000000
 -0.5965638001046349      0.9623675207359921       0.0000000000000000
 -0.5965638001046349      0.9826278895935918       0.0000000000000000
 -0.5965638001046349      0.9927580740223917       0.0000000000000000
 -0.5965638001046349      1.0130184428799918       0.0000000000000000
 -0.5965638001046349      1.0231486273087917       0.0000000000000000
 -0.5965638001046349      1.0434089961663915       0.0000000000000000
 -0.5965638001046349      1.0737995494527910       0.0000000000000000
 -0.5965638001046349      1.1041901027391909       0.0000000000000000
 -0.5965638001046349      1.1345806560255904       0.0000000000000000
 -0.5965638001046348     -1.1143202871679907       0.0000000000000000
 -0.5965638001046348     -1.0839297338815910       0.0000000000000000
 -0.5965638001046348     -1.0535391805951912       0.0000000000000000
 -0.5965638001046348      1.0535391805951912       0.0000000000000000
 -0.5965638001046348      1.0839297338815910       0.0000000000000000
 -0.5965638001046348      1.1143202871679907       0.0000000000000000
 -0.5877908030442727     -1.1295155638111904       0.0000000000000000
 -0.5877908030442727     -1.1193853793823909       0.0000000000000000
 -0.5877908030442727     -1.0991250105247912       0.0000000000000000
 -0.5877908030442727     -1.0889948260959910       0.0000000000000000
 -0.5877908030442727     -1.0687344572383912       0.0000000000000000
 -0.5877908030442727     -1.0586042728095915       0.0000000000000000
 -0.5877908030442727     -1.0383439039519915       0.0000000000000000
 -0.5877908030442727     -1.0282137195231915       0.0000000000000000
 -0.5877908030442727     -1.0079533506655918       0.0000000000000000
 -0.5877908030442727     -0.9978231662367917       0.0000000000000000
 -0.5877908030442727     -0.9775627973791919       0.0000000000000000
 -0.5877908030442727     -0.9674326129503920       0.0000000000000000
 -0.5877908030442727     -0.9471722440927922       0.0000000000000000
 -0.5877908030442727     -0.9370420596639923       0.0000000000000000
 -0.5877908030442727     -0.9167816908063926       0.0000000000000000
 -0.5877908030442727      0.9167816908063926       0.0000000000000000
 -0.5877908030442727      0.9370420596639923       0.0000000000000000
 -0.5877908030442727      0.9471722440927922       0.0000000000000000
 -0.5877908030442727      0.9674326129503920       0.0000000000000000
 -0.5877908030442727      0.9775627973791919       0.0000000000000000
 -0.5877908030442727      0.9978231662367917       0.0000000000000000
 -0.5877908030442727      1.0079533506655918       0.0000000000000000
 -0.5877908030442727      1.0282137195231915       0.0000000000000000
 -0.5877908030442727      1.0383439039519915       0.0000000000000000
 -0.5877908030442727      1.0586042728095915       0.0000000000000000
 -0.5877908030442727      1.0687344572383912       0.0000000000000000
 -0.5877908030442727      1.0889948260959910       0.0000000000000000
 -0.5877908030442727      1.0991250105247912       0.0000000000000000
 -0.5877908030442727      1.1193853793823909       0.0000000000000000
 -0.5877908030442727      1.1295155638111904       0.0000000000000000
 -0.5790178059839104     -1.1143202871679907       0.0000000000000000
 -0.5790178059839104     -1.0839297338815910       0.0000000000000000
 -0.5790178059839104     -1.0535391805951912       0.0000000000000000
 -0.5790178059839104     -1.0231486273087917       0.0000000000000000
 -0.5790178059839104      1.0231486273087917       0.0000000000000000
 -0.5790178059839104      1.0535391805951912       0.0000000000000000
 -0.5790178059839104      1.0839297338815910       0.0000000000000000
 -0.5790178059839104      1.1143202871679907       0.0000000000000000
 -0.5790178059839103     -1.1345806560255904       0.0000000000000000
 -0.5790178059839103     -1.1041901027391909       0.0000000000000000
 -0.5790178059839103     -1.0737995494527910       0.0000000000000000
 -0.5790178059839103     -1.0434089961663915       0.0000000000000000
 -0.5790178059839103     -1.0130184428799918       0.0000000000000000
 -0.5790178059839103     -0.9927580740223917       0.0000000000000000
 -0.5790178059839103     -0.9826278895935918       0.0000000000000000
 -0.5790178059839103     -0.9623675207359921       0.0000000000000000
 -0.5790178059839103     -0.9522373363071921       0.0000000000000000
 -0.5790178059839103     -0.9319769674495924       0.0000000000000000
 -0.5790178059839103     -0.9218467830207924       0.0000000000000000
 -0.5790178059839103      0.9218467830207924       0.0000000000000000
 -0.5790178059839103      0.9319769674495924       0.0000000000000000
 -0.5790178059839103      0.9522373363071921       0.0000000000000000
 -0.5790178059839103      0.9623675207359921       0.0000000000000000
 -0.5790178059839103      0.9826278895935918       0.0000000000000000
 -0.5790178059839103      0.9927580740223917       0.0000000000000000
 -0.5790178059839103      1.0130184428799918       0.0000000000000000
 -0.5790178059839103      1.0434089961663915       0.0000000000000000
 -0.5790178059839103      1.0737995494527910       0.0000000000000000
 -0.5790178059839103      1.1041901027391909       0.0000000000000000
 -0.5790178059839103      1.1345806560255904       0.0000000000000000
 -0.5702448089235481     -1.1295155638111904       0.0000000000000000
 -0.5702448089235481     -1.1193853793823909       0.0000000000000000
 -0.5702448089235481     -1.0991250105247912       0.0000000000000000
 -0.5702448089235481     -1.0889948260959910       0.0000000000000000
 -0.5702448089235481     -1.0687344572383912       0.0000000000000000
 -0.5702448089235481     -1.0586042728095915       0.0000000000000000
 -0.5702448089235481     -1.0383439039519915       0.0000000000000000
 -0.5702448089235481     -1.0282137195231915       0.0000000000000000
 -0.5702448089235481     -1.0079533506655918       0.0000000000000000
 -0.5702448089235481     -0.9978231662367917       0.0000000000000000
 -0.5702448089235481     -0.9775627973791919       0.0000000000000000
 -0.5702448089235481     -0.9674326129503920       0.0000000000000000
 -0.5702448089235481     -0.9471722440927922       0.0000000000000000
 -0.5702448089235481     -0.9370420596639923       0.0000000000000000
 -0.5702448089235481     -0.9167816908063926       0.0000000000000000
 -0.5702448089235481      0.9167816908063926       0.0000000000000000
 -0.5702448089235481      0.9370420596639923       0.0000000000000000
 -0.5702448089235481      0.9471722440927922       0.0000000000000000
 -0.5702448089235481      0.9674326129503920       0.0000000000000000
 -0.5702448089235481      0.9775627973791919       0.0000000000000000
 -0.5702448089235481      0.9978231662367917       0.0000000000000000
 -0.5702448089235481      1.0079533506655918       0.0000000000000000
 -0.5702448089235481      1.0282137195231915       0.0000000000000000
 -0.5702448089235481      1.0383439039519915       0.0000000000000000
 -0.5702448089235481      1.0586042728095915       0.0000000000000000
 -0.5702448089235481      1.0687344572383912       0.0000000000000000
 -0.5702448089235481      1.0889948260959910       0.0000000000000000
 -0.5702448089235481      1.0991250105247912       0.0000000000000000
 -0.5702448089235481      1.1193853793823909       0.0000000000000000
 -0.5702448089235481      1.1295155638111904       0.0000000000000000
 -0.5614718118631858     -1.1345806560255904       0.0000000000000000
 -0.5614718118631858     -1.1143202871679907       0.0000000000000000
 -0.5614718118631858     -1.1041901027391909       0.0000000000000000
 -0.5614718118631858     -1.0839297338815910       0.0000000000000000
 -0.5614718118631858     -1.0737995494527910       0.0000000000000000
 -0.5614718118631858     -1.0535391805951912       0.0000000000000000
 -0.5614718118631858     -1.0434089961663915       0.0000000000000000
 -0.5614718118631858     -1.0231486273087917       0.0000000000000000
 -0.5614718118631858     -1.0130184428799918       0.0000000000000000
 -0.5614718118631858     -0.9927580740223918       0.0000000000000000
 -0.5614718118631858     -0.9826278895935918       0.0000000000000000
 -0.5614718118631858     -0.9623675207359921       0.0000000000000000
 -0.5614718118631858     -0.9522373363071921       0.0000000000000000
 -0.5614718118631858     -0.9319769674495924       0.0000000000000000
 -0.5614718118631858     -0.9218467830207924       0.0000000000000000
 -0.5614718118631858      0.9218467830207924       0.0000000000000000
 -0.5614718118631858      0.9319769674495924       0.0000000000000000
 -0.5614718118631858      0.9522373363071921       0.0000000000000000
 -0.5614718118631858      0.9623675207359921       0.0000000000000000
 -0.5614718118631858      0.9826278895935918       0.0000000000000000
 -0.5614718118631858      0.9927580740223918       0.0000000000000000
 -0.5614718118631858      1.0130184428799918       0.0000000000000000
 -0.5614718118631858      1.0231486273087917       0.0000000000000000
 -0.5614718118631858      1.0434089961663915       0.0000000000000000
 -0.5614718118631858      1.0535391805951912       0.0000000000000000
 -0.5614718118631858      1.0737995494527910       0.0000000000000000
 -0.5614718118631858      1.0839297338815910       0.0000000000000000
 -0.5614718118631858      1.1041901027391909       0.0000000000000000
 -0.5614718118631858      1.1143202871679907       0.0000000000000000
 -0.5614718118631858      1.1345806560255904       0.0000000000000000
 -0.5526988148028237     -1.1295155638111904       0.0000000000000000
 -0.5526988148028237     -1.1193853793823909       0.0000000000000000
 -0.5526988148028237     -1.0991250105247912       0.0000000000000000
 -0.5526988148028237     -1.0889948260959910       0.0000000000000000
 -0.5526988148028237     -1.0687344572383912       0.0000000000000000
 -0.5526988148028237     -1.0586042728095915       0.0000000000000000
 -0.5526988148028237     -1.0383439039519915       0.0000000000000000
 -0.5526988148028237     -1.0282137195231915       0.0000000000000000
 -0.5526988148028237     -1.0079533506655918       0.0000000000000000
 -0.5526988148028237     -0.9978231662367917       0.0000000000000000
 -0.5526988148028237     -0.9775627973791919       0.0000000000000000
 -0.5526988148028237     -0.9674326129503920       0.0000000000000000
 -0.5526988148028237     -0.9471722440927922       0.0000000000000000
 -0.5526988148028237     -0.9370420596639923       0.0000000000000000
 -0.5526988148028237     -0.9167816908063926       0.0000000000000000
 -0.5526988148028237      0.9167816908063926       0.0000000000000000
 -0.5526988148028237      0.9370420596639923       0.0000000000000000
 -0.5526988148028237      0.9471722440927922       0.0000000000000000
 -0.5526988148028237      0.9674326129503920       0.0000000000000000
 -0.5526988148028237      0.9775627973791919       0.0000000000000000
 -0.5526988148028237      0.9978231662367917       0.0000000000000000
 -0.5526988148028237      1.0079533506655918       0.0000000000000000
 -0.5526988148028237      1.0282137195231915       0.0000000000000000
 -0.5526988148028237      1.0383439039519915       0.0000000000000000
 -0.5526988148028237      1.0586042728095915       0.0000000000000000
 -0.5526988148028237      1.0687344572383912       0.0000000000000000
 -0.5526988148028237      1.0889948260959910       0.0000000000000000
 -0.5526988148028237      1.0991250105247912       0.0000000000000000
 -0.5526988148028237      1.1193853793823909       0.0000000000000000
 -0.5526988148028237      1.1295155638111904       0.0000000000000000
 -0.5439258177424613     -1.1345806560255904       0.0000000000000000
 -0.5439258177424613     -1.1143202871679907       0.0000000000000000
 -0.5439258177424613     -1.1041901027391909       0.0000000000000000
 -0.5439258177424613     -1.0839297338815910       0.0000000000000000
 -0.5439258177424613     -1.0737995494527910       0.0000000000000000
 -0.5439258177424613     -1.0535391805951912       0.0000000000000000
 -0.5439258177424613     -1.0434089961663915       0.0000000000000000
 -0.5439258177424613     -1.0231486273087917       0.0000000000000000
 -0.5439258177424613     -1.0130184428799918       0.0000000000000000
 -0.5439258177424613     -0.9927580740223918       0.0000000000000000
 -0.5439258177424613     -0.9826278895935918       0.0000000000000000
 -0.5439258177424613     -0.9623675207359921       0.0000000000000000
 -0.5439258177424613     -0.9522373363071921       0.0000000000000000
 -0.5439258177424613     -0.9319769674495924       0.0000000000000000
 -0.5439258177424613     -0.9218467830207924       0.0000000000000000
 -0.5439258177424613      0.9218467830207924       0.0000000000000000
 -0.5439258177424613      0.9319769674495924       0.0000000000000000
 -0.5439258177424613      0.9522373363071921       0.0000000000000000
 -0.5439258177424613      0.9623675207359921       0.0000000000000000
 -0.5439258177424613      0.9826278895935918       0.0000000000000000
 -0.5439258177424613      0.9927580740223918       0.0000000000000000
 -0.5439258177424613      1.0130184428799918       0.0000000000000000
 -0.5439258177424613      1.0231486273087917       0.0000000000000000
 -0.5439258177424613      1.0434089961663915       0.0000000000000000
 -0.5439258177424613      1.0535391805951912       0.0000000000000000
 -0.5439258177424613      1.0737995494527910       0.0000000000000000
 -0.5439258177424613      1.0839297338815910       0.0000000000000000
 -0.5439258177424613      1.1041901027391909       0.0000000000000000
 -0.5439258177424613      1.1143202871679907       0.0000000000000000
 -0.5439258177424613      1.1345806560255904       0.0000000000000000
 -0.5351528206820990     -1.1295155638111904       0.0000000000000000
 -0.5351528206820990     -1.1193853793823909       0.0000000000000000
 -0.5351528206820990     -1.0991250105247912       0.0000000000000000
 -0.5351528206820990     -1.0889948260959910       0.0000000000000000
 -0.5351528206820990     -1.0687344572383912       0.0000000000000000
 -0.5351528206820990     -1.0586042728095915       0.0000000000000000
 -0.5351528206820990     -1.0383439039519915       0.0000000000000000
 -0.5351528206820990     -1.0282137195231915       0.0000000000000000
 -0.5351528206820990     -1.0079533506655918       0.0000000000000000
 -0.5351528206820990     -0.9978231662367917       0.0000000000000000
 -0.5351528206820990     -0.9775627973791919       0.0000000000000000
 -0.5351528206820990     -0.9674326129503920       0.0000000000000000
 -0.5351528206820990     -0.9471722440927922       0.0000000000000000
 -0.5351528206820990     -0.9370420596639923       0.0000000000000000
 -0.5351528206820990     -0.9167816908063926       0.0000000000000000
 -0.5351528206820990      0.9167816908063926       0.0000000000000000
 -0.5351528206820990      0.9370420596639923       0.0000000000000000
 -0.5351528206820990      0.9471722440927922       0.0000000000000000
 -0.5351528206820990      0.9674326129503920       0.0000000000000000
 -0.5351528206820990      0.9775627973791919       0.0000000000000000
 -0.5351528206820990      0.9978231662367917       0.0000000000000000
 -0.5351528206820990      1.0079533506655918       0.0000000000000000
 -0.5351528206820990      1.0282137195231915       0.0000000000000000
 -0.5351528206820990      1.0383439039519915       0.0000000000000000
 -0.5351528206820990      1.0586042728095915       0.0000000000000000
 -0.5351528206820990      1.0687344572383912       0.0000000000000000
 -0.5351528206820990      1.0889948260959910       0.0000000000000000
 -0.5351528206820990      1.0991250105247912       0.0000000000000000
 -0.5351528206820990      1.1193853793823909       0.0000000000000000
 -0.5351528206820990      1.1295155638111904       0.0000000000000000
 -0.5263798236217367     -1.1345806560255904       0.0000000000000000
 -0.5263798236217367     -1.1143202871679907       0.0000000000000000
 -0.5263798236217367     -1.1041901027391909       0.0000000000000000
 -0.5263798236217367     -1.0839297338815910       0.0000000000000000
 -0.5263798236217367     -1.0737995494527910       0.0000000000000000
 -0.5263798236217367     -1.0535391805951912       0.0000000000000000
 -0.5263798236217367     -1.0434089961663915       0.0000000000000000
 -0.5263798236217367     -1.0231486273087917       0.0000000000000000
 -0.5263798236217367     -1.0130184428799918       0.0000000000000000
 -0.5263798236217367     -0.9927580740223918       0.0000000000000000
 -0.5263798236217367     -0.9826278895935918       0.0000000000000000
 -0.5263798236217367     -0.9623675207359921       0.0000000000000000
 -0.5263798236217367     -0.9522373363071921       0.0000000000000000
 -0.5263798236217367     -0.9319769674495924       0.0000000000000000
 -0.5263798236217367     -0.9218467830207924       0.0000000000000000
 -0.5263798236217367      0.9218467830207924       0.0000000000000000
 -0.5263798236217367      0.9319769674495924       0.0000000000000000
 -0.5263798236217367      0.9522373363071921       0.0000000000000000
 -0.5263798236217367      0.9623675207359921       0.0000000000000000
 -0.5263798236217367      0.9826278895935918       0.0000000000000000
 -0.5263798236217367      0.9927580740223918       0.0000000000000000
 -0.5263798236217367      1.0130184428799918       0.0000000000000000
 -0.5263798236217367      1.0231486273087917       0.0000000000000000
 -0.5263798236217367      1.0434089961663915       0.0000000000000000
 -0.5263798236217367      1.0535391805951912       0.0000000000000000
 -0.5263798236217367      1.0737995494527910       0.0000000000000000
 -0.5263798236217367      1.0839297338815910       0.0000000000000000
 -0.5263798236217367      1.1041901027391909       0.0000000000000000
 -0.5263798236217367      1.1143202871679907       0.0000000000000000
 -0.5263798236217367      1.1345806560255904       0.0000000000000000
 -0.5176068265613746     -1.1295155638111904       0.0000000000000000
 -0.5176068265613746     -1.0991250105247912       0.0000000000000000
 -0.5176068265613746     -1.0687344572383912       0.0000000000000000
 -0.5176068265613746     -1.0383439039519915       0.0000000000000000
 -0.5176068265613746     -1.0079533506655918       0.0000000000000000
 -0.5176068265613746     -0.9775627973791919       0.0000000000000000
 -0.5176068265613746     -0.9471722440927922       0.0000000000000000
 -0.5176068265613746      0.9471722440927922       0.0000000000000000
 -0.5176068265613746      0.9775627973791919       0.0000000000000000
 -0.5176068265613746      1.0079533506655918       0.0000000000000000
 -0.5176068265613746      1.0383439039519915       0.0000000000000000
 -0.5176068265613746      1.0687344572383912       0.0000000000000000
 -0.5176068265613746      1.0991250105247912       0.0000000000000000
 -0.5176068265613746      1.1295155638111904       0.0000000000000000
 -0.5176068265613745     -1.1193853793823909       0.0000000000000000
 -0.5176068265613745     -1.0889948260959910       0.0000000000000000
 -0.5176068265613745     -1.0586042728095915       0.0000000000000000
 -0.5176068265613745     -1.0282137195231915       0.0000000000000000
 -0.5176068265613745     -0.9978231662367917       0.0000000000000000
 -0.5176068265613745     -0.9674326129503920       0.0000000000000000
 -0.5176068265613745     -0.9370420596639923       0.0000000000000000
 -0.5176068265613745      0.9370420596639923       0.0000000000000000
 -0.5176068265613745      0.9674326129503920       0.0000000000000000
 -0.5176068265613745      0.9978231662367917       0.0000000000000000
 -0.5176068265613745      1.0282137195231915       0.0000000000000000
 -0.5176068265613745      1.0586042728095915       0.0000000000000000
 -0.5176068265613745      1.0889948260959910       0.0000000000000000
 -0.5176068265613745      1.1193853793823909       0.0000000000000000
 -0.5088338295010122     -1.1345806560255904       0.0000000000000000
 -0.5088338295010122     -1.1143202871679907       0.0000000000000000
 -0.5088338295010122     -1.1041901027391909       0.0000000000000000
 -0.5088338295010122     -1.0839297338815910       0.0000000000000000
 -0.5088338295010122     -1.0737995494527910       0.0000000000000000
 -0.5088338295010122     -1.0535391805951912       0.0000000000000000
 -0.5088338295010122     -1.0434089961663915       0.0000000000000000
 -0.5088338295010122     -1.0231486273087917       0.0000000000000000
 -0.5088338295010122     -1.0130184428799918       0.0000000000000000
 -0.5088338295010122     -0.9927580740223918       0.0000000000000000
 -0.5088338295010122     -0.9826278895935918       0.0000000000000000
 -0.5088338295010122     -0.9623675207359921       0.0000000000000000
 -0.5088338295010122     -0.9522373363071921       0.0000000000000000
 -0.5088338295010122      0.9522373363071921       0.0000000000000000
 -0.5088338295010122      0.9623675207359921       0.0000000000000000
 -0.5088338295010122      0.9826278895935918       0.0000000000000000
 -0.5088338295010122      0.9927580740223918       0.0000000000000000
 -0.5088338295010122      1.0130184428799918       0.0000000000000000
 -0.5088338295010122      1.0231486273087917       0.0000000000000000
 -0.5088338295010122      1.0434089961663915       0.0000000000000000
 -0.5088338295010122      1.0535391805951912       0.0000000000000000
 -0.5088338295010122      1.0737995494527910       0.0000000000000000
 -0.5088338295010122      1.0839297338815910       0.0000000000000000
 -0.5088338295010122      1.1041901027391909       0.0000000000000000
 -0.5088338295010122      1.1143202871679907       0.0000000000000000
 -0.5088338295010122      1.1345806560255904       0.0000000000000000
 -0.5000608324406499     -1.1193853793823909       0.0000000000000000
 -0.5000608324406499     -1.0991250105247912       0.0000000000000000
 -0.5000608324406499     -1.0889948260959910       0.0000000000000000
 -0.5000608324406499     -1.0687344572383912       0.0000000000000000
 -0.5000608324406499     -1.0586042728095915       0.0000000000000000
 -0.5000608324406499     -1.0383439039519915       0.0000000000000000
 -0.5000608324406499     -1.0282137195231915       0.0000000000000000
 -0.5000608324406499     -1.0079533506655918       0.0000000000000000
 -0.5000608324406499     -0.9978231662367917       0.0000000000000000
 -0.5000608324406499     -0.9775627973791919       0.0000000000000000
 -0.5000608324406499     -0.9674326129503920       0.0000000000000000
 -0.5000608324406499      0.9674326129503920       0.0000000000000000
 -0.5000608324406499      0.9775627973791919       0.0000000000000000
 -0.5000608324406499      0.9978231662367917       0.0000000000000000
 -0.5000608324406499      1.0079533506655918       0.0000000000000000
 -0.5000608324406499      1.0282137195231915       0.0000000000000000
 -0.5000608324406499      1.0383439039519915       0.0000000000000000
 -0.5000608324406499      1.0586042728095915       0.0000000000000000
 -0.5000608324406499      1.0687344572383912       0.0000000000000000
 -0.5000608324406499      1.0889948260959910       0.0000000000000000
 -0.5000608324406499      1.0991250105247912       0.0000000000000000
 -0.5000608324406499      1.1193853793823909       0.0000000000000000
 -0.5000608324406498     -1.1295155638111904       0.0000000000000000
 -0.5000608324406498      1.1295155638111904       0.0000000000000000
 -0.4912878353802876     -1.1345806560255904       0.0000000000000000
 -0.4912878353802876     -1.1143202871679907       0.0000000000000000
 -0.4912878353802876     -1.1041901027391909       0.0000000000000000
 -0.4912878353802876     -1.0839297338815910       0.0000000000000000
 -0.4912878353802876     -1.0737995494527910       0.0000000000000000
 -0.4912878353802876     -1.0535391805951912       0.0000000000000000
 -0.4912878353802876     -1.0434089961663915       0.0000000000000000
 -0.4912878353802876     -1.0231486273087917       0.0000000000000000
 -0.4912878353802876     -1.0130184428799918       0.0000000000000000
 -0.4912878353802876     -0.9927580740223918       0.0000000000000000
 -0.4912878353802876     -0.9826278895935918       0.0000000000000000
 -0.4912878353802876      0.9826278895935918       0.0000000000000000
 -0.4912878353802876      0.9927580740223918       0.0000000000000000
 -0.4912878353802876      1.0130184428799918       0.0000000000000000
 -0.4912878353802876      1.0231486273087917       0.0000000000000000
 -0.4912878353802876      1.0434089961663915       0.0000000000000000
 -0.4912878353802876      1.0535391805951912       0.0000000000000000
 -0.4912878353802876      1.0737995494527910       0.0000000000000000
 -0.4912878353802876      1.0839297338815910       0.0000000000000000
 -0.4912878353802876      1.1041901027391909       0.0000000000000000
 -0.4912878353802876      1.1143202871679907       0.0000000000000000
 -0.4912878353802876      1.1345806560255904       0.0000000000000000
 -0.4825148383199254     -1.1193853793823909       0.0000000000000000
 -0.4825148383199254     -1.0889948260959910       0.0000000000000000
 -0.4825148383199254     -1.0586042728095915       0.0000000000000000
 -0.4825148383199254     -1.0282137195231915       0.0000000000000000
 -0.4825148383199254     -0.9978231662367917       0.0000000000000000
 -0.4825148383199254      0.9978231662367917       0.0000000000000000
 -0.4825148383199254      1.0282137195231915       0.0000000000000000
 -0.4825148383199254      1.0586042728095915       0.0000000000000000
 -0.4825148383199254      1.0889948260959910       0.0000000000000000
 -0.4825148383199254      1.1193853793823909       0.0000000000000000
 -0.4825148383199254     -1.1295155638111904       0.0000000000000000
 -0.4825148383199254     -1.0991250105247912       0.0000000000000000
 -0.4825148383199254     -1.0687344572383912       0.0000000000000000
 -0.4825148383199254     -1.0383439039519915       0.0000000000000000
 -0.4825148383199254     -1.0079533506655918       0.0000000000000000
 -0.4825148383199254      1.0079533506655918       0.0000000000000000
 -0.4825148383199254      1.0383439039519915       0.0000000000000000
 -0.4825148383199254      1.0687344572383912       0.0000000000000000
 -0.4825148383199254      1.0991250105247912       0.0000000000000000
 -0.4825148383199254      1.1295155638111904       0.0000000000000000
 -0.4737418412595631     -1.1345806560255904       0.0000000000000000
 -0.4737418412595631     -1.1143202871679907       0.0000000000000000
 -0.4737418412595631     -1.1041901027391909       0.0000000000000000
 -0.4737418412595631     -1.0839297338815910       0.0000000000000000
 -0.4737418412595631     -1.0737995494527910       0.0000000000000000
 -0.4737418412595631     -1.0535391805951912       0.0000000000000000
 -0.4737418412595631     -1.0434089961663915       0.0000000000000000
 -0.4737418412595631     -1.0231486273087917       0.0000000000000000
 -0.4737418412595631     -1.0130184428799918       0.0000000000000000
 -0.4737418412595631      1.0130184428799918       0.0000000000000000
 -0.4737418412595631      1.0231486273087917       0.0000000000000000
 -0.4737418412595631      1.0434089961663915       0.0000000000000000
 -0.4737418412595631      1.0535391805951912       0.0000000000000000
 -0.4737418412595631      1.0737995494527910       0.0000000000000000
 -0.4737418412595631      1.0839297338815910       0.0000000000000000
 -0.4737418412595631      1.1041901027391909       0.0000000000000000
 -0.4737418412595631      1.1143202871679907       0.0000000000000000
 -0.4737418412595631      1.1345806560255904       0.0000000000000000
 -0.4649688441992008     -1.1295155638111904       0.0000000000000000
 -0.4649688441992008     -1.1193853793823909       0.0000000000000000
 -0.4649688441992008     -1.0991250105247912       0.0000000000000000
 -0.4649688441992008     -1.0889948260959910       0.0000000000000000
 -0.4649688441992008     -1.0687344572383912       0.0000000000000000
 -0.4649688441992008     -1.0586042728095915       0.0000000000000000
 -0.4649688441992008     -1.0383439039519915       0.0000000000000000
 -0.4649688441992008     -1.0282137195231915       0.0000000000000000
 -0.4649688441992008      1.0282137195231915       0.0000000000000000
 -0.4649688441992008      1.0383439039519915       0.0000000000000000
 -0.4649688441992008      1.0586042728095915       0.0000000000000000
 -0.4649688441992008      1.0687344572383912       0.0000000000000000
 -0.4649688441992008      1.0889948260959910       0.0000000000000000
 -0.4649688441992008      1.0991250105247912       0.0000000000000000
 -0.4649688441992008      1.1193853793823909       0.0000000000000000
 -0.4649688441992008      1.1295155638111904       0.0000000000000000
 -0.4561958471388385     -1.1345806560255904       0.0000000000000000
 -0.4561958471388385     -1.1143202871679907       0.0000000000000000
 -0.4561958471388385     -1.0839297338815910       0.0000000000000000
 -0.4561958471388385     -1.0535391805951912       0.0000000000000000
 -0.4561958471388385      1.0535391805951912       0.0000000000000000
 -0.4561958471388385      1.0839297338815910       0.0000000000000000
 -0.4561958471388385      1.1143202871679907       0.0000000000000000
 -0.4561958471388385      1.1345806560255904       0.0000000000000000
 -0.4561958471388384     -1.1041901027391909       0.0000000000000000
 -0.4561958471388384     -1.0737995494527910       0.0000000000000000
 -0.4561958471388384     -1.0434089961663915       0.0000000000000000
 -0.4561958471388384      1.0434089961663915       0.0000000000000000
 -0.4561958471388384      1.0737995494527910       0.0000000000000000
 -0.4561958471388384      1.1041901027391909       0.0000000000000000
 -0.4474228500784762     -1.1295155638111904       0.0000000000000000
 -0.4474228500784762     -1.1193853793823909       0.0000000000000000
 -0.4474228500784762     -1.0991250105247912       0.0000000000000000
 -0.4474228500784762     -1.0889948260959910       0.0000000000000000
 -0.4474228500784762     -1.0687344572383912       0.0000000000000000
 -0.4474228500784762     -1.0586042728095915       0.0000000000000000
 -0.4474228500784762      1.0586042728095915       0.0000000000000000
 -0.4474228500784762      1.0687344572383912       0.0000000000000000
 -0.4474228500784762      1.0889948260959910       0.0000000000000000
 -0.4474228500784762      1.0991250105247912       0.0000000000000000
 -0.4474228500784762      1.1193853793823909       0.0000000000000000
 -0.4474228500784762      1.1295155638111904       0.0000000000000000
 -0.4386498530181140     -1.1345806560255904       0.0000000000000000
 -0.4386498530181140      1.1345806560255904       0.0000000000000000
 -0.4386498530181139     -1.1143202871679909       0.0000000000000000
 -0.4386498530181139     -1.1041901027391909       0.0000000000000000
 -0.4386498530181139     -1.0839297338815910       0.0000000000000000
 -0.4386498530181139     -1.0737995494527910       0.0000000000000000
 -0.4386498530181139      1.0737995494527910       0.0000000000000000
 -0.4386498530181139      1.0839297338815910       0.0000000000000000
 -0.4386498530181139      1.1041901027391909       0.0000000000000000
 -0.4386498530181139      1.1143202871679909       0.0000000000000000
 -0.4298768559577517     -1.1295155638111904       0.0000000000000000
 -0.4298768559577517     -1.1193853793823909       0.0000000000000000
 -0.4298768559577517     -1.0991250105247912       0.0000000000000000
 -0.4298768559577517     -1.0889948260959910       0.0000000000000000
 -0.4298768559577517      1.0889948260959910       0.0000000000000000
 -0.4298768559577517      1.0991250105247912       0.0000000000000000
 -0.4298768559577517      1.1193853793823909       0.0000000000000000
 -0.4298768559577517      1.1295155638111904       0.0000000000000000
 -0.4211038588973894     -1.1345806560255904       0.0000000000000000
 -0.4211038588973894     -1.1143202871679907       0.0000000000000000
 -0.4211038588973894     -1.1041901027391909       0.0000000000000000
 -0.4211038588973894      1.1041901027391909       0.0000000000000000
 -0.4211038588973894      1.1143202871679907       0.0000000000000000
 -0.4211038588973894      1.1345806560255904       0.0000000000000000
 -0.4123308618370272     -1.1295155638111904       0.0000000000000000
 -0.4123308618370272     -1.1193853793823909       0.0000000000000000
 -0.4123308618370272      1.1193853793823909       0.0000000000000000
 -0.4123308618370272      1.1295155638111904       0.0000000000000000
 -0.4035578647766648     -1.1345806560255904       0.0000000000000000
 -0.4035578647766648      1.1345806560255904       0.0000000000000000
  0.4035578647766648     -1.1345806560255904       0.0000000000000000
  0.4035578647766648      1.1345806560255904       0.0000000000000000
  0.4123308618370272     -1.1295155638111904       0.0000000000000000
  0.4123308618370272     -1.1193853793823909       0.0000000000000000
  0.4123308618370272      1.1193853793823909       0.0000000000000000
  0.4123308618370272      1.1295155638111904       0.0000000000000000
  0.4211038588973894     -1.1345806560255904       0.0000000000000000
  0.4211038588973894     -1.1143202871679907       0.0000000000000000
  0.4211038588973894     -1.1041901027391909       0.0000000000000000
  0.4211038588973894      1.1041901027391909       0.0000000000000000
  0.4211038588973894      1.1143202871679907       0.0000000000000000
  0.4211038588973894      1.1345806560255904       0.0000000000000000
  0.4298768559577517     -1.1295155638111904       0.0000000000000000
  0.4298768559577517     -1.1193853793823909       0.0000000000000000
  0.4298768559577517     -1.0991250105247912       0.0000000000000000
  0.4298768559577517     -1.0889948260959910       0.0000000000000000
  0.4298768559577517      1.0889948260959910       0.0000000000000000
  0.4298768559577517      1.0991250105247912       0.0000000000000000
  0.4298768559577517      1.1193853793823909       0.0000000000000000
  0.4298768559577517      1.1295155638111904       0.0000000000000000
  0.4386498530181139     -1.1143202871679909       0.0000000000000000
  0.4386498530181139     -1.0839297338815910       0.0000000000000000
  0.4386498530181139     -1.0737995494527910       0.0000000000000000
  0.4386498530181139      1.0737995494527910       0.0000000000000000
  0.4386498530181139      1.0839297338815910       0.0000000000000000
  0.4386498530181139      1.1143202871679909       0.0000000000000000
  0.4386498530181140     -1.1345806560255904       0.0000000000000000
  0.4386498530181140     -1.1041901027391909       0.0000000000000000
  0.4386498530181140      1.1041901027391909       0.0000000000000000
  0.4386498530181140      1.1345806560255904       0.0000000000000000
  0.4474228500784762     -1.1295155638111904       0.0000000000000000
  0.4474228500784762     -1.1193853793823909       0.0000000000000000
  0.4474228500784762     -1.0991250105247912       0.0000000000000000
  0.4474228500784762     -1.0889948260959910       0.0000000000000000
  0.4474228500784762     -1.0687344572383912       0.0000000000000000
  0.4474228500784762     -1.0586042728095915       0.0000000000000000
  0.4474228500784762      1.0586042728095915       0.0000000000000000
  0.4474228500784762      1.0687344572383912       0.0000000000000000
  0.4474228500784762      1.0889948260959910       0.0000000000000000
  0.4474228500784762      1.0991250105247912       0.0000000000000000
  0.4474228500784762      1.1193853793823909       0.0000000000000000
  0.4474228500784762      1.1295155638111904       0.0000000000000000
  0.4561958471388385     -1.1345806560255904       0.0000000000000000
  0.4561958471388385     -1.1143202871679907       0.0000000000000000
  0.4561958471388385     -1.1041901027391909       0.0000000000000000
  0.4561958471388385     -1.0839297338815910       0.0000000000000000
  0.4561958471388385     -1.0737995494527910       0.0000000000000000
  0.4561958471388385     -1.0535391805951912       0.0000000000000000
  0.4561958471388385     -1.0434089961663915       0.0000000000000000
  0.4561958471388385      1.0434089961663915       0.0000000000000000
  0.4561958471388385      1.0535391805951912       0.0000000000000000
  0.4561958471388385      1.0737995494527910       0.0000000000000000
  0.4561958471388385      1.0839297338815910       0.0000000000000000
  0.4561958471388385      1.1041901027391909       0.0000000000000000
  0.4561958471388385      1.1143202871679907       0.0000000000000000
  0.4561958471388385      1.1345806560255904       0.0000000000000000
  0.4649688441992007     -1.1193853793823909       0.0000000000000000
  0.4649688441992007     -1.0889948260959910       0.0000000000000000
  0.4649688441992007     -1.0586042728095915       0.0000000000000000
  0.4649688441992007     -1.0282137195231915       0.0000000000000000
  0.4649688441992007      1.0282137195231915       0.0000000000000000
  0.4649688441992007      1.0586042728095915       0.0000000000000000
  0.4649688441992007      1.0889948260959910       0.0000000000000000
  0.4649688441992007      1.1193853793823909       0.0000000000000000
  0.4649688441992008     -1.1295155638111904       0.0000000000000000
  0.4649688441992008     -1.0991250105247912       0.0000000000000000
  0.4649688441992008     -1.0687344572383912       0.0000000000000000
  0.4649688441992008     -1.0383439039519915       0.0000000000000000
  0.4649688441992008      1.0383439039519915       0.0000000000000000
  0.4649688441992008      1.0687344572383912       0.0000000000000000
  0.4649688441992008      1.0991250105247912       0.0000000000000000
  0.4649688441992008      1.1295155638111904       0.0000000000000000
  0.4737418412595631     -1.1345806560255904       0.0000000000000000
  0.4737418412595631     -1.1143202871679907       0.0000000000000000
  0.4737418412595631     -1.1041901027391909       0.0000000000000000
  0.4737418412595631     -1.0839297338815910       0.0000000000000000
  0.4737418412595631     -1.0737995494527910       0.0000000000000000
  0.4737418412595631     -1.0535391805951912       0.0000000000000000
  0.4737418412595631     -1.0434089961663915       0.0000000000000000
  0.4737418412595631     -1.0231486273087917       0.0000000000000000
  0.4737418412595631     -1.0130184428799918       0.0000000000000000
  0.4737418412595631      1.0130184428799918       0.0000000000000000
  0.4737418412595631      1.0231486273087917       0.0000000000000000
  0.4737418412595631      1.0434089961663915       0.0000000000000000
  0.4737418412595631      1.0535391805951912       0.0000000000000000
  0.4737418412595631      1.0737995494527910       0.0000000000000000
  0.4737418412595631      1.0839297338815910       0.0000000000000000
  0.4737418412595631      1.1041901027391909       0.0000000000000000
  0.4737418412595631      1.1143202871679907       0.0000000000000000
  0.4737418412595631      1.1345806560255904       0.0000000000000000
  0.4825148383199254     -1.1295155638111904       0.0000000000000000
  0.4825148383199254     -1.1193853793823909       0.0000000000000000
  0.4825148383199254     -1.0991250105247912       0.0000000000000000
  0.4825148383199254     -1.0889948260959910       0.0000000000000000
  0.4825148383199254     -1.0687344572383912       0.0000000000000000
  0.4825148383199254     -1.0586042728095915       0.0000000000000000
  0.4825148383199254     -1.0383439039519915       0.0000000000000000
  0.4825148383199254     -1.0282137195231915       0.0000000000000000
  0.4825148383199254     -1.0079533506655918       0.0000000000000000
  0.4825148383199254     -0.9978231662367917       0.0000000000000000
  0.4825148383199254      0.9978231662367917       0.0000000000000000
  0.4825148383199254      1.0079533506655918       0.0000000000000000
  0.4825148383199254      1.0282137195231915       0.0000000000000000
  0.4825148383199254      1.0383439039519915       0.0000000000000000
  0.4825148383199254      1.0586042728095915       0.0000000000000000
  0.4825148383199254      1.0687344572383912       0.0000000000000000
  0.4825148383199254      1.0889948260959910       0.0000000000000000
  0.4825148383199254      1.0991250105247912       0.0000000000000000
  0.4825148383199254      1.1193853793823909       0.0000000000000000
  0.4825148383199254      1.1295155638111904       0.0000000000000000
  0.4912878353802876     -1.1345806560255904       0.0000000000000000
  0.4912878353802876     -1.1143202871679907       0.0000000000000000
  0.4912878353802876     -1.0839297338815910       0.0000000000000000
  0.4912878353802876     -1.0535391805951912       0.0000000000000000
  0.4912878353802876     -1.0231486273087917       0.0000000000000000
  0.4912878353802876     -0.9927580740223918       0.0000000000000000
  0.4912878353802876      0.9927580740223918       0.0000000000000000
  0.4912878353802876      1.0231486273087917       0.0000000000000000
  0.4912878353802876      1.0535391805951912       0.0000000000000000
  0.4912878353802876      1.0839297338815910       0.0000000000000000
  0.4912878353802876      1.1143202871679907       0.0000000000000000
  0.4912878353802876      1.1345806560255904       0.0000000000000000
  0.4912878353802877     -1.1041901027391909       0.0000000000000000
  0.4912878353802877     -1.0737995494527910       0.0000000000000000
  0.4912878353802877     -1.0434089961663915       0.0000000000000000
  0.4912878353802877     -1.0130184428799918       0.0000000000000000
  0.4912878353802877     -0.9826278895935918       0.0000000000000000
  0.4912878353802877      0.9826278895935918       0.0000000000000000
  0.4912878353802877      1.0130184428799918       0.0000000000000000
  0.4912878353802877      1.0434089961663915       0.0000000000000000
  0.4912878353802877      1.0737995494527910       0.0000000000000000
  0.4912878353802877      1.1041901027391909       0.0000000000000000
  0.5000608324406498     -1.1295155638111904       0.0000000000000000
  0.5000608324406498      1.1295155638111904       0.0000000000000000
  0.5000608324406499     -1.1193853793823909       0.0000000000000000
  0.5000608324406499     -1.0991250105247912       0.0000000000000000
  0.5000608324406499     -1.0889948260959910       0.0000000000000000
  0.5000608324406499     -1.0687344572383912       0.0000000000000000
  0.5000608324406499     -1.0586042728095915       0.0000000000000000
  0.5000608324406499     -1.0383439039519915       0.0000000000000000
  0.5000608324406499     -1.0282137195231915       0.0000000000000000
  0.5000608324406499     -1.0079533506655918       0.0000000000000000
  0.5000608324406499     -0.9978231662367917       0.0000000000000000
  0.5000608324406499     -0.9775627973791919       0.0000000000000000
  0.5000608324406499     -0.9674326129503920       0.0000000000000000
  0.5000608324406499      0.9674326129503920       0.0000000000000000
  0.5000608324406499      0.9775627973791919       0.0000000000000000
  0.5000608324406499      0.9978231662367917       0.0000000000000000
  0.5000608324406499      1.0079533506655918       0.0000000000000000
  0.5000608324406499      1.0282137195231915       0.0000000000000000
  0.5000608324406499      1.0383439039519915       0.0000000000000000
  0.5000608324406499      1.0586042728095915       0.0000000000000000
  0.5000608324406499      1.0687344572383912       0.0000000000000000
  0.5000608324406499      1.0889948260959910       0.0000000000000000
  0.5000608324406499      1.0991250105247912       0.0000000000000000
  0.5000608324406499      1.1193853793823909       0.0000000000000000
  0.5088338295010122     -1.1345806560255904       0.0000000000000000
  0.5088338295010122     -1.1143202871679907       0.0000000000000000
  0.5088338295010122     -1.0839297338815910       0.0000000000000000
  0.5088338295010122     -1.0535391805951912       0.0000000000000000
  0.5088338295010122     -1.0231486273087917       0.0000000000000000
  0.5088338295010122     -0.9927580740223918       0.0000000000000000
  0.5088338295010122     -0.9623675207359921       0.0000000000000000
  0.5088338295010122      0.9623675207359921       0.0000000000000000
  0.5088338295010122      0.9927580740223918       0.0000000000000000
  0.5088338295010122      1.0231486273087917       0.0000000000000000
  0.5088338295010122      1.0535391805951912       0.0000000000000000
  0.5088338295010122      1.0839297338815910       0.0000000000000000
  0.5088338295010122      1.1143202871679907       0.0000000000000000
  0.5088338295010122      1.1345806560255904       0.0000000000000000
  0.5088338295010123     -1.1041901027391909       0.0000000000000000
  0.5088338295010123     -1.0737995494527910       0.0000000000000000
  0.5088338295010123     -1.0434089961663915       0.0000000000000000
  0.5088338295010123     -1.0130184428799918       0.0000000000000000
  0.5088338295010123     -0.9826278895935918       0.0000000000000000
  0.5088338295010123     -0.9522373363071921       0.0000000000000000
  0.5088338295010123      0.9522373363071921       0.0000000000000000
  0.5088338295010123      0.9826278895935918       0.0000000000000000
  0.5088338295010123      1.0130184428799918       0.0000000000000000
  0.5088338295010123      1.0434089961663915       0.0000000000000000
  0.5088338295010123      1.0737995494527910       0.0000000000000000
  0.5088338295010123      1.1041901027391909       0.0000000000000000
  0.5176068265613746     -1.1295155638111904       0.0000000000000000
  0.5176068265613746     -1.1193853793823909       0.0000000000000000
  0.5176068265613746     -1.0991250105247912       0.0000000000000000
  0.5176068265613746     -1.0889948260959910       0.0000000000000000
  0.5176068265613746     -1.0687344572383912       0.0000000000000000
  0.5176068265613746     -1.0586042728095915       0.0000000000000000
  0.5176068265613746     -1.0383439039519915       0.0000000000000000
  0.5176068265613746     -1.0282137195231915       0.0000000000000000
  0.5176068265613746     -1.0079533506655918       0.0000000000000000
  0.5176068265613746     -0.9978231662367917       0.0000000000000000
  0.5176068265613746     -0.9775627973791919       0.0000000000000000
  0.5176068265613746     -0.9674326129503920       0.0000000000000000
  0.5176068265613746     -0.9471722440927922       0.0000000000000000
  0.5176068265613746     -0.9370420596639923       0.0000000000000000
  0.5176068265613746      0.9370420596639923       0.0000000000000000
  0.5176068265613746      0.9471722440927922       0.0000000000000000
  0.5176068265613746      0.9674326129503920       0.0000000000000000
  0.5176068265613746      0.9775627973791919       0.0000000000000000
  0.5176068265613746      0.9978231662367917       0.0000000000000000
  0.5176068265613746      1.0079533506655918       0.0000000000000000
  0.5176068265613746      1.0282137195231915       0.0000000000000000
  0.5176068265613746      1.0383439039519915       0.0000000000000000
  0.5176068265613746      1.0586042728095915       0.0000000000000000
  0.5176068265613746      1.0687344572383912       0.0000000000000000
  0.5176068265613746      1.0889948260959910       0.0000000000000000
  0.5176068265613746      1.0991250105247912       0.0000000000000000
  0.5176068265613746      1.1193853793823909       0.0000000000000000
  0.5176068265613746      1.1295155638111904       0.0000000000000000
  0.5263798236217367     -1.1345806560255904       0.0000000000000000
  0.5263798236217367     -1.1143202871679907       0.0000000000000000
  0.5263798236217367     -1.1041901027391909       0.0000000000000000
  0.5263798236217367     -1.0839297338815910       0.0000000000000000
  0.5263798236217367     -1.0737995494527910       0.0000000000000000
  0.5263798236217367     -1.0535391805951912       0.0000000000000000
  0.5263798236217367     -1.0434089961663915       0.0000000000000000
  0.5263798236217367     -1.0231486273087917       0.0000000000000000
  0.5263798236217367     -1.0130184428799918       0.0000000000000000
  0.5263798236217367     -0.9927580740223918       0.0000000000000000
  0.5263798236217367     -0.9826278895935918       0.0000000000000000
  0.5263798236217367     -0.9623675207359921       0.0000000000000000
  0.5263798236217367     -0.9522373363071921       0.0000000000000000
  0.5263798236217367     -0.9319769674495924       0.0000000000000000
  0.5263798236217367     -0.9218467830207924       0.0000000000000000
  0.5263798236217367      0.9218467830207924       0.0000000000000000
  0.5263798236217367      0.9319769674495924       0.0000000000000000
  0.5263798236217367      0.9522373363071921       0.0000000000000000
  0.5263798236217367      0.9623675207359921       0.0000000000000000
  0.5263798236217367      0.9826278895935918       0.0000000000000000
  0.5263798236217367      0.9927580740223918       0.0000000000000000
  0.5263798236217367      1.0130184428799918       0.0000000000000000
  0.5263798236217367      1.0231486273087917       0.0000000000000000
  0.5263798236217367      1.0434089961663915       0.0000000000000000
  0.5263798236217367      1.0535391805951912       0.0000000000000000
  0.5263798236217367      1.0737995494527910       0.0000000000000000
  0.5263798236217367      1.0839297338815910       0.0000000000000000
  0.5263798236217367      1.1041901027391909       0.0000000000000000
  0.5263798236217367      1.1143202871679907       0.0000000000000000
  0.5263798236217367      1.1345806560255904       0.0000000000000000
  0.5351528206820990     -1.1295155638111904       0.0000000000000000
  0.5351528206820990     -1.1193853793823909       0.0000000000000000
  0.5351528206820990     -1.0991250105247912       0.0000000000000000
  0.5351528206820990     -1.0889948260959910       0.0000000000000000
  0.5351528206820990     -1.0687344572383912       0.0000000000000000
  0.5351528206820990     -1.0586042728095915       0.0000000000000000
  0.5351528206820990     -1.0383439039519915       0.0000000000000000
  0.5351528206820990     -1.0282137195231915       0.0000000000000000
  0.5351528206820990     -1.0079533506655918       0.0000000000000000
  0.5351528206820990     -0.9978231662367917       0.0000000000000000
  0.5351528206820990     -0.9775627973791919       0.0000000000000000
  0.5351528206820990     -0.9674326129503920       0.0000000000000000
  0.5351528206820990     -0.9471722440927922       0.0000000000000000
  0.5351528206820990     -0.9370420596639923       0.0000000000000000
  0.5351528206820990     -0.9167816908063926       0.0000000000000000
  0.5351528206820990      0.9167816908063926       0.0000000000000000
  0.5351528206820990      0.9370420596639923       0.0000000000000000
  0.5351528206820990      0.9471722440927922       0.0000000000000000
  0.5351528206820990      0.9674326129503920       0.0000000000000000
  0.5351528206820990      0.9775627973791919       0.0000000000000000
  0.5351528206820990      0.9978231662367917       0.0000000000000000
  0.5351528206820990      1.0079533506655918       0.0000000000000000
  0.5351528206820990      1.0282137195231915       0.0000000000000000
  0.5351528206820990      1.0383439039519915       0.0000000000000000
  0.5351528206820990      1.0586042728095915       0.0000000000000000
  0.5351528206820990      1.0687344572383912       0.0000000000000000
  0.5351528206820990      1.0889948260959910       0.0000000000000000
  0.5351528206820990      1.0991250105247912       0.0000000000000000
  0.5351528206820990      1.1193853793823909       0.0000000000000000
  0.5351528206820990      1.1295155638111904       0.0000000000000000
  0.5439258177424613     -1.1345806560255904       0.0000000000000000
  0.5439258177424613     -1.1143202871679907       0.0000000000000000
  0.5439258177424613     -1.1041901027391909       0.0000000000000000
  0.5439258177424613     -1.0839297338815910       0.0000000000000000
  0.5439258177424613     -1.0737995494527910       0.0000000000000000
  0.5439258177424613     -1.0535391805951912       0.0000000000000000
  0.5439258177424613     -1.0434089961663915       0.0000000000000000
  0.5439258177424613     -1.0231486273087917       0.0000000000000000
  0.5439258177424613     -1.0130184428799918       0.0000000000000000
  0.5439258177424613     -0.9927580740223918       0.0000000000000000
  0.5439258177424613     -0.9826278895935918       0.0000000000000000
  0.5439258177424613     -0.9623675207359921       0.0000000000000000
  0.5439258177424613     -0.9522373363071921       0.0000000000000000
  0.5439258177424613     -0.9319769674495924       0.0000000000000000
  0.5439258177424613     -0.9218467830207924       0.0000000000000000
  0.5439258177424613      0.9218467830207924       0.0000000000000000
  0.5439258177424613      0.9319769674495924       0.0000000000000000
  0.5439258177424613      0.9522373363071921       0.0000000000000000
  0.5439258177424613      0.9623675207359921       0.0000000000000000
  0.5439258177424613      0.9826278895935918       0.0000000000000000
  0.5439258177424613      0.9927580740223918       0.0000000000000000
  0.5439258177424613      1.0130184428799918       0.0000000000000000
  0.5439258177424613      1.0231486273087917       0.0000000000000000
  0.5439258177424613      1.0434089961663915       0.0000000000000000
  0.5439258177424613      1.0535391805951912       0.0000000000000000
  0.5439258177424613      1.0737995494527910       0.0000000000000000
  0.5439258177424613      1.0839297338815910       0.0000000000000000
  0.5439258177424613      1.1041901027391909       0.0000000000000000
  0.5439258177424613      1.1143202871679907       0.0000000000000000
  0.5439258177424613      1.1345806560255904       0.0000000000000000
  0.5526988148028236     -1.1193853793823909       0.0000000000000000
  0.5526988148028236     -1.0889948260959910       0.0000000000000000
  0.5526988148028236     -1.0586042728095915       0.0000000000000000
  0.5526988148028236     -1.0282137195231915       0.0000000000000000
  0.5526988148028236     -0.9978231662367917       0.0000000000000000
  0.5526988148028236     -0.9674326129503920       0.0000000000000000
  0.5526988148028236      0.9674326129503920       0.0000000000000000
  0.5526988148028236      0.9978231662367917       0.0000000000000000
  0.5526988148028236      1.0282137195231915       0.0000000000000000
  0.5526988148028236      1.0586042728095915       0.0000000000000000
  0.5526988148028236      1.0889948260959910       0.0000000000000000
  0.5526988148028236      1.1193853793823909       0.0000000000000000
  0.5526988148028237     -1.1295155638111904       0.0000000000000000
  0.5526988148028237     -1.0991250105247912       0.0000000000000000
  0.5526988148028237     -1.0687344572383912       0.0000000000000000
  0.5526988148028237     -1.0383439039519915       0.0000000000000000
  0.5526988148028237     -1.0079533506655918       0.0000000000000000
  0.5526988148028237     -0.9775627973791919       0.0000000000000000
  0.5526988148028237     -0.9471722440927922       0.0000000000000000
  0.5526988148028237     -0.9370420596639923       0.0000000000000000
  0.5526988148028237     -0.9167816908063926       0.0000000000000000
  0.5526988148028237      0.9167816908063926       0.0000000000000000
  0.5526988148028237      0.9370420596639923       0.0000000000000000
  0.5526988148028237      0.9471722440927922       0.0000000000000000
  0.5526988148028237      0.9775627973791919       0.0000000000000000
  0.5526988148028237      1.0079533506655918       0.0000000000000000
  0.5526988148028237      1.0383439039519915       0.0000000000000000
  0.5526988148028237      1.0687344572383912       0.0000000000000000
  0.5526988148028237      1.0991250105247912       0.0000000000000000
  0.5526988148028237      1.1295155638111904       0.0000000000000000
  0.5614718118631858     -1.1345806560255904       0.0000000000000000
  0.5614718118631858     -1.1143202871679907       0.0000000000000000
  0.5614718118631858     -1.1041901027391909       0.0000000000000000
  0.5614718118631858     -1.0839297338815910       0.0000000000000000
  0.5614718118631858     -1.0737995494527910       0.0000000000000000
  0.5614718118631858     -1.0535391805951912       0.0000000000000000
  0.5614718118631858     -1.0434089961663915       0.0000000000000000
  0.5614718118631858     -1.0231486273087917       0.0000000000000000
  0.5614718118631858     -1.0130184428799918       0.0000000000000000
  0.5614718118631858     -0.9927580740223918       0.0000000000000000
  0.5614718118631858     -0.9826278895935918       0.0000000000000000
  0.5614718118631858     -0.9623675207359921       0.0000000000000000
  0.5614718118631858     -0.9522373363071921       0.0000000000000000
  0.5614718118631858     -0.9319769674495924       0.0000000000000000
  0.5614718118631858     -0.9218467830207924       0.0000000000000000
  0.5614718118631858      0.9218467830207924       0.0000000000000000
  0.5614718118631858      0.9319769674495924       0.0000000000000000
  0.5614718118631858      0.9522373363071921       0.0000000000000000
  0.5614718118631858      0.9623675207359921       0.0000000000000000
  0.5614718118631858      0.9826278895935918       0.0000000000000000
  0.5614718118631858      0.9927580740223918       0.0000000000000000
  0.5614718118631858      1.0130184428799918       0.0000000000000000
  0.5614718118631858      1.0231486273087917       0.0000000000000000
  0.5614718118631858      1.0434089961663915       0.0000000000000000
  0.5614718118631858      1.0535391805951912       0.0000000000000000
  0.5614718118631858      1.0737995494527910       0.0000000000000000
  0.5614718118631858      1.0839297338815910       0.0000000000000000
  0.5614718118631858      1.1041901027391909       0.0000000000000000
  0.5614718118631858      1.1143202871679907       0.0000000000000000
  0.5614718118631858      1.1345806560255904       0.0000000000000000
  0.5702448089235481     -1.1295155638111904       0.0000000000000000
  0.5702448089235481     -1.0991250105247912       0.0000000000000000
  0.5702448089235481     -1.0687344572383912       0.0000000000000000
  0.5702448089235481     -1.0383439039519915       0.0000000000000000
  0.5702448089235481     -1.0079533506655918       0.0000000000000000
  0.5702448089235481     -0.9775627973791919       0.0000000000000000
  0.5702448089235481     -0.9674326129503920       0.0000000000000000
  0.5702448089235481     -0.9471722440927922       0.0000000000000000
  0.5702448089235481     -0.9370420596639923       0.0000000000000000
  0.5702448089235481     -0.9167816908063926       0.0000000000000000
  0.5702448089235481      0.9167816908063926       0.0000000000000000
  0.5702448089235481      0.9370420596639923       0.0000000000000000
  0.5702448089235481      0.9471722440927922       0.0000000000000000
  0.5702448089235481      0.9674326129503920       0.0000000000000000
  0.5702448089235481      0.9775627973791919       0.0000000000000000
  0.5702448089235481      1.0079533506655918       0.0000000000000000
  0.5702448089235481      1.0383439039519915       0.0000000000000000
  0.5702448089235481      1.0687344572383912       0.0000000000000000
  0.5702448089235481      1.0991250105247912       0.0000000000000000
  0.5702448089235481      1.1295155638111904       0.0000000000000000
  0.5702448089235482     -1.1193853793823909       0.0000000000000000
  0.5702448089235482     -1.0889948260959910       0.0000000000000000
  0.5702448089235482     -1.0586042728095915       0.0000000000000000
  0.5702448089235482     -1.0282137195231915       0.0000000000000000
  0.5702448089235482     -0.9978231662367917       0.0000000000000000
  0.5702448089235482      0.9978231662367917       0.0000000000000000
  0.5702448089235482      1.0282137195231915       0.0000000000000000
  0.5702448089235482      1.0586042728095915       0.0000000000000000
  0.5702448089235482      1.0889948260959910       0.0000000000000000
  0.5702448089235482      1.1193853793823909       0.0000000000000000
  0.5790178059839103     -0.9927580740223917       0.0000000000000000
  0.5790178059839103     -0.9826278895935918       0.0000000000000000
  0.5790178059839103     -0.9623675207359921       0.0000000000000000
  0.5790178059839103     -0.9522373363071921       0.0000000000000000
  0.5790178059839103     -0.9319769674495924       0.0000000000000000
  0.5790178059839103     -0.9218467830207924       0.0000000000000000
  0.5790178059839103      0.9218467830207924       0.0000000000000000
  0.5790178059839103      0.9319769674495924       0.0000000000000000
  0.5790178059839103      0.9522373363071921       0.0000000000000000
  0.5790178059839103      0.9623675207359921       0.0000000000000000
  0.5790178059839103      0.9826278895935918       0.0000000000000000
  0.5790178059839103      0.9927580740223917       0.0000000000000000
  0.5790178059839104     -1.1345806560255904       0.0000000000000000
  0.5790178059839104     -1.1143202871679907       0.0000000000000000
  0.5790178059839104     -1.1041901027391909       0.0000000000000000
  0.5790178059839104     -1.0839297338815910       0.0000000000000000
  0.5790178059839104     -1.0737995494527910       0.0000000000000000
  0.5790178059839104     -1.0535391805951912       0.0000000000000000
  0.5790178059839104     -1.0434089961663915       0.0000000000000000
  0.5790178059839104     -1.0231486273087917       0.0000000000000000
  0.5790178059839104     -1.0130184428799918       0.0000000000000000
  0.5790178059839104      1.0130184428799918       0.0000000000000000
  0.5790178059839104      1.0231486273087917       0.0000000000000000
  0.5790178059839104      1.0434089961663915       0.0000000000000000
  0.5790178059839104      1.0535391805951912       0.0000000000000000
  0.5790178059839104      1.0737995494527910       0.0000000000000000
  0.5790178059839104      1.0839297338815910       0.0000000000000000
  0.5790178059839104      1.1041901027391909       0.0000000000000000
  0.5790178059839104      1.1143202871679907       0.0000000000000000
  0.5790178059839104      1.1345806560255904       0.0000000000000000
  0.5877908030442727     -1.1295155638111904       0.0000000000000000
  0.5877908030442727     -1.1193853793823909       0.0000000000000000
  0.5877908030442727     -1.0991250105247912       0.0000000000000000
  0.5877908030442727     -1.0889948260959910       0.0000000000000000
  0.5877908030442727     -1.0687344572383912       0.0000000000000000
  0.5877908030442727     -1.0586042728095915       0.0000000000000000
  0.5877908030442727     -1.0383439039519915       0.0000000000000000
  0.5877908030442727     -1.0282137195231915       0.0000000000000000
  0.5877908030442727     -1.0079533506655918       0.0000000000000000
  0.5877908030442727     -0.9978231662367917       0.0000000000000000
  0.5877908030442727     -0.9775627973791919       0.0000000000000000
  0.5877908030442727     -0.9674326129503920       0.0000000000000000
  0.5877908030442727     -0.9471722440927922       0.0000000000000000
  0.5877908030442727     -0.9370420596639923       0.0000000000000000
  0.5877908030442727     -0.9167816908063926       0.0000000000000000
  0.5877908030442727      0.9167816908063926       0.0000000000000000
  0.5877908030442727      0.9370420596639923       0.0000000000000000
  0.5877908030442727      0.9471722440927922       0.0000000000000000
  0.5877908030442727      0.9674326129503920       0.0000000000000000
  0.5877908030442727      0.9775627973791919       0.0000000000000000
  0.5877908030442727      0.9978231662367917       0.0000000000000000
  0.5877908030442727      1.0079533506655918       0.0000000000000000
  0.5877908030442727      1.0282137195231915       0.0000000000000000
  0.5877908030442727      1.0383439039519915       0.0000000000000000
  0.5877908030442727      1.0586042728095915       0.0000000000000000
  0.5877908030442727      1.0687344572383912       0.0000000000000000
  0.5877908030442727      1.0889948260959910       0.0000000000000000
  0.5877908030442727      1.0991250105247912       0.0000000000000000
  0.5877908030442727      1.1193853793823909       0.0000000000000000
  0.5877908030442727      1.1295155638111904       0.0000000000000000
  0.5965638001046348     -1.1345806560255904       0.0000000000000000
  0.5965638001046348     -1.1143202871679907       0.0000000000000000
  0.5965638001046348     -1.1041901027391909       0.0000000000000000
  0.5965638001046348     -1.0839297338815910       0.0000000000000000
  0.5965638001046348     -1.0737995494527910       0.0000000000000000
  0.5965638001046348     -1.0535391805951912       0.0000000000000000
  0.5965638001046348     -1.0434089961663915       0.0000000000000000
  0.5965638001046348      1.0434089961663915       0.0000000000000000
  0.5965638001046348      1.0535391805951912       0.0000000000000000
  0.5965638001046348      1.0737995494527910       0.0000000000000000
  0.5965638001046348      1.0839297338815910       0.0000000000000000
  0.5965638001046348      1.1041901027391909       0.0000000000000000
  0.5965638001046348      1.1143202871679907       0.0000000000000000
  0.5965638001046348      1.1345806560255904       0.0000000000000000
  0.5965638001046349     -1.0231486273087917       0.0000000000000000
  0.5965638001046349     -1.0130184428799918       0.0000000000000000
  0.5965638001046349     -0.9927580740223917       0.0000000000000000
  0.5965638001046349     -0.9826278895935918       0.0000000000000000
  0.5965638001046349     -0.9623675207359921       0.0000000000000000
  0.5965638001046349     -0.9522373363071921       0.0000000000000000
  0.5965638001046349     -0.9319769674495924       0.0000000000000000
  0.5965638001046349     -0.9218467830207924       0.0000000000000000
  0.5965638001046349      0.9218467830207924       0.0000000000000000
  0.5965638001046349      0.9319769674495924       0.0000000000000000
  0.5965638001046349      0.9522373363071921       0.0000000000000000
  0.5965638001046349      0.9623675207359921       0.0000000000000000
  0.5965638001046349      0.9826278895935918       0.0000000000000000
  0.5965638001046349      0.9927580740223917       0.0000000000000000
  0.5965638001046349      1.0130184428799918       0.0000000000000000
  0.5965638001046349      1.0231486273087917       0.0000000000000000
  0.6053367971649972     -1.1295155638111904       0.0000000000000000
  0.6053367971649972     -1.1193853793823909       0.0000000000000000
  0.6053367971649972     -1.0991250105247912       0.0000000000000000
  0.6053367971649972     -1.0889948260959910       0.0000000000000000
  0.6053367971649972     -1.0687344572383912       0.0000000000000000
  0.6053367971649972     -1.0586042728095915       0.0000000000000000
  0.6053367971649972     -1.0383439039519917       0.0000000000000000
  0.6053367971649972     -1.0282137195231915       0.0000000000000000
  0.6053367971649972     -1.0079533506655918       0.0000000000000000
  0.6053367971649972     -0.9978231662367917       0.0000000000000000
  0.6053367971649972     -0.9775627973791919       0.0000000000000000
  0.6053367971649972     -0.9674326129503920       0.0000000000000000
  0.6053367971649972     -0.9471722440927922       0.0000000000000000
  0.6053367971649972     -0.9370420596639923       0.0000000000000000
  0.6053367971649972     -0.9167816908063926       0.0000000000000000
  0.6053367971649972      0.9167816908063926       0.0000000000000000
  0.6053367971649972      0.9370420596639923       0.0000000000000000
  0.6053367971649972      0.9471722440927922       0.0000000000000000
  0.6053367971649972      0.9674326129503920       0.0000000000000000
  0.6053367971649972      0.9775627973791919       0.0000000000000000
  0.6053367971649972      0.9978231662367917       0.0000000000000000
  0.6053367971649972      1.0079533506655918       0.0000000000000000
  0.6053367971649972      1.0282137195231915       0.0000000000000000
  0.6053367971649972      1.0383439039519917       0.0000000000000000
  0.6053367971649972      1.0586042728095915       0.0000000000000000
  0.6053367971649972      1.0687344572383912       0.0000000000000000
  0.6053367971649972      1.0889948260959910       0.0000000000000000
  0.6053367971649972      1.0991250105247912       0.0000000000000000
  0.6053367971649972      1.1193853793823909       0.0000000000000000
  0.6053367971649972      1.1295155638111904       0.0000000000000000
  0.6141097942253596     -1.1345806560255904       0.0000000000000000
  0.6141097942253596     -1.1143202871679909       0.0000000000000000
  0.6141097942253596     -1.1041901027391909       0.0000000000000000
  0.6141097942253596     -1.0839297338815910       0.0000000000000000
  0.6141097942253596     -1.0737995494527910       0.0000000000000000
  0.6141097942253596     -1.0535391805951912       0.0000000000000000
  0.6141097942253596     -1.0434089961663915       0.0000000000000000
  0.6141097942253596     -1.0231486273087917       0.0000000000000000
  0.6141097942253596     -1.0130184428799918       0.0000000000000000
  0.6141097942253596     -0.9927580740223917       0.0000000000000000
  0.6141097942253596     -0.9826278895935918       0.0000000000000000
  0.6141097942253596     -0.9623675207359921       0.0000000000000000
  0.6141097942253596     -0.9522373363071921       0.0000000000000000
  0.6141097942253596     -0.9319769674495924       0.0000000000000000
  0.6141097942253596     -0.9218467830207924       0.0000000000000000
  0.6141097942253596      0.9218467830207924       0.0000000000000000
  0.6141097942253596      0.9319769674495924       0.0000000000000000
  0.6141097942253596      0.9522373363071921       0.0000000000000000
  0.6141097942253596      0.9623675207359921       0.0000000000000000
  0.6141097942253596      0.9826278895935918       0.0000000000000000
  0.6141097942253596      0.9927580740223917       0.0000000000000000
  0.6141097942253596      1.0130184428799918       0.0000000000000000
  0.6141097942253596      1.0231486273087917       0.0000000000000000
  0.6141097942253596      1.0434089961663915       0.0000000000000000
  0.6141097942253596      1.0535391805951912       0.0000000000000000
  0.6141097942253596      1.0737995494527910       0.0000000000000000
  0.6141097942253596      1.0839297338815910       0.0000000000000000
  0.6141097942253596      1.1041901027391909       0.0000000000000000
  0.6141097942253596      1.1143202871679909       0.0000000000000000
  0.6141097942253596      1.1345806560255904       0.0000000000000000
  0.6228827912857218     -1.1193853793823909       0.0000000000000000
  0.6228827912857218     -1.0889948260959910       0.0000000000000000
  0.6228827912857218      1.0889948260959910       0.0000000000000000
  0.6228827912857218      1.1193853793823909       0.0000000000000000
  0.6228827912857219     -1.1295155638111904       0.0000000000000000
  0.6228827912857219     -1.0991250105247912       0.0000000000000000
  0.6228827912857219     -1.0687344572383912       0.0000000000000000
  0.6228827912857219     -1.0586042728095915       0.0000000000000000
  0.6228827912857219     -1.0383439039519917       0.0000000000000000
  0.6228827912857219     -1.0282137195231915       0.0000000000000000
  0.6228827912857219     -1.0079533506655918       0.0000000000000000
  0.6228827912857219     -0.9978231662367917       0.0000000000000000
  0.6228827912857219     -0.9775627973791919       0.0000000000000000
  0.6228827912857219     -0.9674326129503920       0.0000000000000000
  0.6228827912857219     -0.9471722440927922       0.0000000000000000
  0.6228827912857219     -0.9370420596639923       0.0000000000000000
  0.6228827912857219     -0.9167816908063926       0.0000000000000000
  0.6228827912857219      0.9167816908063926       0.0000000000000000
  0.6228827912857219      0.9370420596639923       0.0000000000000000
  0.6228827912857219      0.9471722440927922       0.0000000000000000
  0.6228827912857219      0.9674326129503920       0.0000000000000000
  0.6228827912857219      0.9775627973791919       0.0000000000000000
  0.6228827912857219      0.9978231662367917       0.0000000000000000
  0.6228827912857219      1.0079533506655918       0.0000000000000000
  0.6228827912857219      1.0282137195231915       0.0000000000000000
  0.6228827912857219      1.0383439039519917       0.0000000000000000
  0.6228827912857219      1.0586042728095915       0.0000000000000000
  0.6228827912857219      1.0687344572383912       0.0000000000000000
  0.6228827912857219      1.0991250105247912       0.0000000000000000
  0.6228827912857219      1.1295155638111904       0.0000000000000000
  0.6316557883460842     -1.1345806560255904       0.0000000000000000
  0.6316557883460842     -1.1143202871679907       0.0000000000000000
  0.6316557883460842     -1.1041901027391909       0.0000000000000000
  0.6316557883460842     -1.0839297338815912       0.0000000000000000
  0.6316557883460842     -1.0737995494527910       0.0000000000000000
  0.6316557883460842     -1.0535391805951912       0.0000000000000000
  0.6316557883460842     -1.0434089961663915       0.0000000000000000
  0.6316557883460842     -1.0231486273087917       0.0000000000000000
  0.6316557883460842     -1.0130184428799918       0.0000000000000000
  0.6316557883460842     -0.9927580740223917       0.0000000000000000
  0.6316557883460842     -0.9826278895935918       0.0000000000000000
  0.6316557883460842     -0.9623675207359921       0.0000000000000000
  0.6316557883460842     -0.9522373363071921       0.0000000000000000
  0.6316557883460842     -0.9319769674495924       0.0000000000000000
  0.6316557883460842     -0.9218467830207924       0.0000000000000000
  0.6316557883460842      0.9218467830207924       0.0000000000000000
  0.6316557883460842      0.9319769674495924       0.0000000000000000
  0.6316557883460842      0.9522373363071921       0.0000000000000000
  0.6316557883460842      0.9623675207359921       0.0000000000000000
  0.6316557883460842      0.9826278895935918       0.0000000000000000
  0.6316557883460842      0.9927580740223917       0.0000000000000000
  0.6316557883460842      1.0130184428799918       0.0000000000000000
  0.6316557883460842      1.0231486273087917       0.0000000000000000
  0.6316557883460842      1.0434089961663915       0.0000000000000000
  0.6316557883460842      1.0535391805951912       0.0000000000000000
  0.6316557883460842      1.0737995494527910       0.0000000000000000
  0.6316557883460842      1.0839297338815912       0.0000000000000000
  0.6316557883460842      1.1041901027391909       0.0000000000000000
  0.6316557883460842      1.1143202871679907       0.0000000000000000
  0.6316557883460842      1.1345806560255904       0.0000000000000000
  0.6404287854064463     -1.1295155638111904       0.0000000000000000
  0.6404287854064463     -1.0991250105247909       0.0000000000000000
  0.6404287854064463     -1.0889948260959910       0.0000000000000000
  0.6404287854064463     -1.0687344572383912       0.0000000000000000
  0.6404287854064463     -1.0586042728095915       0.0000000000000000
  0.6404287854064463     -1.0383439039519917       0.0000000000000000
  0.6404287854064463     -1.0282137195231915       0.0000000000000000
  0.6404287854064463     -1.0079533506655918       0.0000000000000000
  0.6404287854064463     -0.9978231662367917       0.0000000000000000
  0.6404287854064463     -0.9775627973791919       0.0000000000000000
  0.6404287854064463     -0.9674326129503920       0.0000000000000000
  0.6404287854064463     -0.9471722440927922       0.0000000000000000
  0.6404287854064463     -0.9370420596639923       0.0000000000000000
  0.6404287854064463     -0.9167816908063926       0.0000000000000000
  0.6404287854064463      0.9167816908063926       0.0000000000000000
  0.6404287854064463      0.9370420596639923       0.0000000000000000
  0.6404287854064463      0.9471722440927922       0.0000000000000000
  0.6404287854064463      0.9674326129503920       0.0000000000000000
  0.6404287854064463      0.9775627973791919       0.0000000000000000
  0.6404287854064463      0.9978231662367917       0.0000000000000000
  0.6404287854064463      1.0079533506655918       0.0000000000000000
  0.6404287854064463      1.0282137195231915       0.0000000000000000
  0.6404287854064463      1.0383439039519917       0.0000000000000000
  0.6404287854064463      1.0586042728095915       0.0000000000000000
  0.6404287854064463      1.0687344572383912       0.0000000000000000
  0.6404287854064463      1.0889948260959910       0.0000000000000000
  0.6404287854064463      1.0991250105247909       0.0000000000000000
  0.6404287854064463      1.1295155638111904       0.0000000000000000
  0.6404287854064464     -1.1193853793823909       0.0000000000000000
  0.6404287854064464      1.1193853793823909       0.0000000000000000
  0.6492017824668086     -1.1143202871679907       0.0000000000000000
  0.6492017824668086     -1.1041901027391909       0.0000000000000000
  0.6492017824668086     -1.0839297338815912       0.0000000000000000
  0.6492017824668086     -1.0737995494527910       0.0000000000000000
  0.6492017824668086     -1.0535391805951912       0.0000000000000000
  0.6492017824668086     -1.0434089961663915       0.0000000000000000
  0.6492017824668086     -1.0231486273087917       0.0000000000000000
  0.6492017824668086     -1.0130184428799918       0.0000000000000000
  0.6492017824668086     -0.9927580740223917       0.0000000000000000
  0.6492017824668086     -0.9826278895935918       0.0000000000000000
  0.6492017824668086     -0.9623675207359921       0.0000000000000000
  0.6492017824668086     -0.9522373363071921       0.0000000000000000
  0.6492017824668086     -0.9319769674495924       0.0000000000000000
  0.6492017824668086     -0.9218467830207924       0.0000000000000000
  0.6492017824668086      0.9218467830207924       0.0000000000000000
  0.6492017824668086      0.9319769674495924       0.0000000000000000
  0.6492017824668086      0.9522373363071921       0.0000000000000000
  0.6492017824668086      0.9623675207359921       0.0000000000000000
  0.6492017824668086      0.9826278895935918       0.0000000000000000
  0.6492017824668086      0.9927580740223917       0.0000000000000000
  0.6492017824668086      1.0130184428799918       0.0000000000000000
  0.6492017824668086      1.0231486273087917       0.0000000000000000
  0.6492017824668086      1.0434089961663915       0.0000000000000000
  0.6492017824668086      1.0535391805951912       0.0000000000000000
  0.6492017824668086      1.0737995494527910       0.0000000000000000
  0.6492017824668086      1.0839297338815912       0.0000000000000000
  0.6492017824668086      1.1041901027391909       0.0000000000000000
  0.6492017824668086      1.1143202871679907       0.0000000000000000
  0.6492017824668087     -1.1345806560255904       0.0000000000000000
  0.6492017824668087      1.1345806560255904       0.0000000000000000
  0.6579747795271709     -1.1295155638111907       0.0000000000000000
  0.6579747795271709     -1.1193853793823909       0.0000000000000000
  0.6579747795271709     -1.0991250105247909       0.0000000000000000
  0.6579747795271709     -1.0889948260959910       0.0000000000000000
  0.6579747795271709     -1.0687344572383912       0.0000000000000000
  0.6579747795271709     -1.0586042728095915       0.0000000000000000
  0.6579747795271709     -1.0383439039519917       0.0000000000000000
  0.6579747795271709     -1.0282137195231915       0.0000000000000000
  0.6579747795271709     -1.0079533506655918       0.0000000000000000
  0.6579747795271709     -0.9978231662367917       0.0000000000000000
  0.6579747795271709     -0.9775627973791919       0.0000000000000000
  0.6579747795271709     -0.9674326129503920       0.0000000000000000
  0.6579747795271709     -0.9471722440927922       0.0000000000000000
  0.6579747795271709     -0.9370420596639923       0.0000000000000000
  0.6579747795271709     -0.9167816908063926       0.0000000000000000
  0.6579747795271709      0.9167816908063926       0.0000000000000000
  0.6579747795271709      0.9370420596639923       0.0000000000000000
  0.6579747795271709      0.9471722440927922       0.0000000000000000
  0.6579747795271709      0.9674326129503920       0.0000000000000000
  0.6579747795271709      0.9775627973791919       0.0000000000000000
  0.6579747795271709      0.9978231662367917       0.0000000000000000
  0.6579747795271709      1.0079533506655918       0.0000000000000000
  0.6579747795271709      1.0282137195231915       0.0000000000000000
  0.6579747795271709      1.0383439039519917       0.0000000000000000
  0.6579747795271709      1.0586042728095915       0.0000000000000000
  0.6579747795271709      1.0687344572383912       0.0000000000000000
  0.6579747795271709      1.0889948260959910       0.0000000000000000
  0.6579747795271709      1.0991250105247909       0.0000000000000000
  0.6579747795271709      1.1193853793823909       0.0000000000000000
  0.6579747795271709      1.1295155638111907       0.0000000000000000
  0.6667477765875331     -1.1143202871679907       0.0000000000000000
  0.6667477765875331     -1.1041901027391909       0.0000000000000000
  0.6667477765875331     -1.0839297338815912       0.0000000000000000
  0.6667477765875331     -1.0737995494527910       0.0000000000000000
  0.6667477765875331     -1.0535391805951912       0.0000000000000000
  0.6667477765875331     -1.0434089961663915       0.0000000000000000
  0.6667477765875331     -1.0231486273087917       0.0000000000000000
  0.6667477765875331     -1.0130184428799918       0.0000000000000000
  0.6667477765875331     -0.9927580740223917       0.0000000000000000
  0.6667477765875331     -0.9826278895935918       0.0000000000000000
  0.6667477765875331     -0.9623675207359921       0.0000000000000000
  0.6667477765875331     -0.9522373363071921       0.0000000000000000
  0.6667477765875331     -0.9319769674495924       0.0000000000000000
  0.6667477765875331     -0.9218467830207924       0.0000000000000000
  0.6667477765875331      0.9218467830207924       0.0000000000000000
  0.6667477765875331      0.9319769674495924       0.0000000000000000
  0.6667477765875331      0.9522373363071921       0.0000000000000000
  0.6667477765875331      0.9623675207359921       0.0000000000000000
  0.6667477765875331      0.9826278895935918       0.0000000000000000
  0.6667477765875331      0.9927580740223917       0.0000000000000000
  0.6667477765875331      1.0130184428799918       0.0000000000000000
  0.6667477765875331      1.0231486273087917       0.0000000000000000
  0.6667477765875331      1.0434089961663915       0.0000000000000000
  0.6667477765875331      1.0535391805951912       0.0000000000000000
  0.6667477765875331      1.0737995494527910       0.0000000000000000
  0.6667477765875331      1.0839297338815912       0.0000000000000000
  0.6667477765875331      1.1041901027391909       0.0000000000000000
  0.6667477765875331      1.1143202871679907       0.0000000000000000
  0.6755207736478954     -1.0991250105247909       0.0000000000000000
  0.6755207736478954     -1.0889948260959910       0.0000000000000000
  0.6755207736478954     -1.0687344572383912       0.0000000000000000
  0.6755207736478954     -1.0586042728095915       0.0000000000000000
  0.6755207736478954     -1.0383439039519917       0.0000000000000000
  0.6755207736478954     -1.0282137195231915       0.0000000000000000
  0.6755207736478954     -1.0079533506655918       0.0000000000000000
  0.6755207736478954     -0.9978231662367917       0.0000000000000000
  0.6755207736478954     -0.9775627973791919       0.0000000000000000
  0.6755207736478954     -0.9674326129503920       0.0000000000000000
  0.6755207736478954     -0.9471722440927922       0.0000000000000000
  0.6755207736478954     -0.9370420596639923       0.0000000000000000
  0.6755207736478954     -0.9167816908063926       0.0000000000000000
  0.6755207736478954      0.9167816908063926       0.0000000000000000
  0.6755207736478954      0.9370420596639923       0.0000000000000000
  0.6755207736478954      0.9471722440927922       0.0000000000000000
  0.6755207736478954      0.9674326129503920       0.0000000000000000
  0.6755207736478954      0.9775627973791919       0.0000000000000000
  0.6755207736478954      0.9978231662367917       0.0000000000000000
  0.6755207736478954      1.0079533506655918       0.0000000000000000
  0.6755207736478954      1.0282137195231915       0.0000000000000000
  0.6755207736478954      1.0383439039519917       0.0000000000000000
  0.6755207736478954      1.0586042728095915       0.0000000000000000
  0.6755207736478954      1.0687344572383912       0.0000000000000000
  0.6755207736478954      1.0889948260959910       0.0000000000000000
  0.6755207736478954      1.0991250105247909       0.0000000000000000
  0.6842937707082578     -1.0839297338815912       0.0000000000000000
  0.6842937707082578     -1.0737995494527910       0.0000000000000000
  0.6842937707082578     -1.0535391805951912       0.0000000000000000
  0.6842937707082578     -1.0434089961663915       0.0000000000000000
  0.6842937707082578     -1.0231486273087917       0.0000000000000000
  0.6842937707082578     -1.0130184428799918       0.0000000000000000
  0.6842937707082578     -0.9927580740223917       0.0000000000000000
  0.6842937707082578     -0.9826278895935918       0.0000000000000000
  0.6842937707082578     -0.9623675207359921       0.0000000000000000
  0.6842937707082578     -0.9522373363071921       0.0000000000000000
  0.6842937707082578     -0.9319769674495924       0.0000000000000000
  0.6842937707082578     -0.9218467830207924       0.0000000000000000
  0.6842937707082578      0.9218467830207924       0.0000000000000000
  0.6842937707082578      0.9319769674495924       0.0000000000000000
  0.6842937707082578      0.9522373363071921       0.0000000000000000
  0.6842937707082578      0.9623675207359921       0.0000000000000000
  0.6842937707082578      0.9826278895935918       0.0000000000000000
  0.6842937707082578      0.9927580740223917       0.0000000000000000
  0.6842937707082578      1.0130184428799918       0.0000000000000000
  0.6842937707082578      1.0231486273087917       0.0000000000000000
  0.6842937707082578      1.0434089961663915       0.0000000000000000
  0.6842937707082578      1.0535391805951912       0.0000000000000000
  0.6842937707082578      1.0737995494527910       0.0000000000000000
  0.6842937707082578      1.0839297338815912       0.0000000000000000
  0.6930667677686201     -1.0383439039519917       0.0000000000000000
  0.6930667677686201     -1.0282137195231915       0.0000000000000000
  0.6930667677686201     -1.0079533506655918       0.0000000000000000
  0.6930667677686201     -0.9978231662367917       0.0000000000000000
  0.6930667677686201      0.9978231662367917       0.0000000000000000
  0.6930667677686201      1.0079533506655918       0.0000000000000000
  0.6930667677686201      1.0282137195231915       0.0000000000000000
  0.6930667677686201      1.0383439039519917       0.0000000000000000
  0.6930667677686202     -1.0687344572383912       0.0000000000000000
  0.6930667677686202     -1.0586042728095915       0.0000000000000000
  0.6930667677686202     -0.9775627973791919       0.0000000000000000
  0.6930667677686202     -0.9674326129503920       0.0000000000000000
  0.6930667677686202     -0.9471722440927922       0.0000000000000000
  0.6930667677686202     -0.9370420596639923       0.0000000000000000
  0.6930667677686202     -0.9167816908063926       0.0000000000000000
  0.6930667677686202      0.9167816908063926       0.0000000000000000
  0.6930667677686202      0.9370420596639923       0.0000000000000000
  0.6930667677686202      0.9471722440927922       0.0000000000000000
  0.6930667677686202      0.9674326129503920       0.0000000000000000
  0.6930667677686202      0.9775627973791919       0.0000000000000000
  0.6930667677686202      1.0586042728095915       0.0000000000000000
  0.6930667677686202      1.0687344572383912       0.0000000000000000
  0.7018397648289821     -1.0434089961663915       0.0000000000000000
  0.7018397648289821     -1.0231486273087917       0.0000000000000000
  0.7018397648289821     -1.0130184428799918       0.0000000000000000
  0.7018397648289821     -0.9927580740223917       0.0000000000000000
  0.7018397648289821      0.9927580740223917       0.0000000000000000
  0.7018397648289821      1.0130184428799918       0.0000000000000000
  0.7018397648289821      1.0231486273087917       0.0000000000000000
  0.7018397648289821      1.0434089961663915       0.0000000000000000
  0.7018397648289824     -1.0535391805951912       0.0000000000000000
  0.7018397648289824     -0.9826278895935918       0.0000000000000000
  0.7018397648289824     -0.9623675207359921       0.0000000000000000
  0.7018397648289824     -0.9522373363071921       0.0000000000000000
  0.7018397648289824     -0.9319769674495924       0.0000000000000000
  0.7018397648289824     -0.9218467830207924       0.0000000000000000
  0.7018397648289824      0.9218467830207924       0.0000000000000000
  0.7018397648289824      0.9319769674495924       0.0000000000000000
  0.7018397648289824      0.9522373363071921       0.0000000000000000
  0.7018397648289824      0.9623675207359921       0.0000000000000000
  0.7018397648289824      0.9826278895935918       0.0000000000000000
  0.7018397648289824      1.0535391805951912       0.0000000000000000
  0.7106127618893447     -1.0383439039519917       0.0000000000000000
  0.7106127618893447     -1.0282137195231915       0.0000000000000000
  0.7106127618893447     -1.0079533506655918       0.0000000000000000
  0.7106127618893447     -0.9978231662367917       0.0000000000000000
  0.7106127618893447     -0.9775627973791919       0.0000000000000000
  0.7106127618893447     -0.9674326129503920       0.0000000000000000
  0.7106127618893447     -0.9471722440927922       0.0000000000000000
  0.7106127618893447     -0.9370420596639923       0.0000000000000000
  0.7106127618893447     -0.9167816908063926       0.0000000000000000
  0.7106127618893447      0.9167816908063926       0.0000000000000000
  0.7106127618893447      0.9370420596639923       0.0000000000000000
  0.7106127618893447      0.9471722440927922       0.0000000000000000
  0.7106127618893447      0.9674326129503920       0.0000000000000000
  0.7106127618893447      0.9775627973791919       0.0000000000000000
  0.7106127618893447      0.9978231662367917       0.0000000000000000
  0.7106127618893447      1.0079533506655918       0.0000000000000000
  0.7106127618893447      1.0282137195231915       0.0000000000000000
  0.7106127618893447      1.0383439039519917       0.0000000000000000
  0.7193857589497068     -1.0231486273087917       0.0000000000000000
  0.7193857589497068     -1.0130184428799918       0.0000000000000000
  0.7193857589497068     -0.9927580740223917       0.0000000000000000
  0.7193857589497068     -0.9826278895935918       0.0000000000000000
  0.7193857589497068     -0.9623675207359921       0.0000000000000000
  0.7193857589497068     -0.9522373363071921       0.0000000000000000
  0.7193857589497068     -0.9319769674495924       0.0000000000000000
  0.7193857589497068     -0.9218467830207924       0.0000000000000000
  0.7193857589497068      0.9218467830207924       0.0000000000000000
  0.7193857589497068      0.9319769674495924       0.0000000000000000
  0.7193857589497068      0.9522373363071921       0.0000000000000000
  0.7193857589497068      0.9623675207359921       0.0000000000000000
  0.7193857589497068      0.9826278895935918       0.0000000000000000
  0.7193857589497068      0.9927580740223917       0.0000000000000000
  0.7193857589497068      1.0130184428799918       0.0000000000000000
  0.7193857589497068      1.0231486273087917       0.0000000000000000
  0.7281587560100692     -1.0079533506655918       0.0000000000000000
  0.7281587560100692     -0.9978231662367917       0.0000000000000000
  0.7281587560100692     -0.9775627973791919       0.0000000000000000
  0.7281587560100692     -0.9674326129503920       0.0000000000000000
  0.7281587560100692     -0.9471722440927922       0.0000000000000000
  0.7281587560100692     -0.9370420596639923       0.0000000000000000
  0.7281587560100692     -0.9167816908063926       0.0000000000000000
  0.7281587560100692      0.9167816908063926       0.0000000000000000
  0.7281587560100692      0.9370420596639923       0.0000000000000000
  0.7281587560100692      0.9471722440927922       0.0000000000000000
  0.7281587560100692      0.9674326129503920       0.0000000000000000
  0.7281587560100692      0.9775627973791919       0.0000000000000000
  0.7281587560100692      0.9978231662367917       0.0000000000000000
  0.7281587560100692      1.0079533506655918       0.0000000000000000
  0.7369317530704314     -0.9927580740223917       0.0000000000000000
  0.7369317530704314     -0.9218467830207924       0.0000000000000000
  0.7369317530704314      0.9218467830207924       0.0000000000000000
  0.7369317530704314      0.9927580740223917       0.0000000000000000
  0.7369317530704315     -0.9826278895935918       0.0000000000000000
  0.7369317530704315     -0.9623675207359921       0.0000000000000000
  0.7369317530704315     -0.9522373363071921       0.0000000000000000
  0.7369317530704315     -0.9319769674495924       0.0000000000000000
  0.7369317530704315      0.9319769674495924       0.0000000000000000
  0.7369317530704315      0.9522373363071921       0.0000000000000000
  0.7369317530704315      0.9623675207359921       0.0000000000000000
  0.7369317530704315      0.9826278895935918       0.0000000000000000
  0.7457047501307937     -0.9775627973791919       0.0000000000000000
  0.7457047501307937     -0.9674326129503920       0.0000000000000000
  0.7457047501307937     -0.9471722440927922       0.0000000000000000
  0.7457047501307937     -0.9370420596639923       0.0000000000000000
  0.7457047501307937     -0.9167816908063926       0.0000000000000000
  0.7457047501307937      0.9167816908063926       0.0000000000000000
  0.7457047501307937      0.9370420596639923       0.0000000000000000
  0.7457047501307937      0.9471722440927922       0.0000000000000000
  0.7457047501307937      0.9674326129503920       0.0000000000000000
  0.7457047501307937      0.9775627973791919       0.0000000000000000
  0.7544777471911560     -0.9623675207359921       0.0000000000000000
  0.7544777471911560     -0.9522373363071921       0.0000000000000000
  0.7544777471911560     -0.9319769674495924       0.0000000000000000
  0.7544777471911560     -0.9218467830207924       0.0000000000000000
  0.7544777471911560      0.9218467830207924       0.0000000000000000
  0.7544777471911560      0.9319769674495924       0.0000000000000000
  0.7544777471911560      0.9522373363071921       0.0000000000000000
  0.7544777471911560      0.9623675207359921       0.0000000000000000
  0.7632507442515184     -0.9471722440927922       0.0000000000000000
  0.7632507442515184     -0.9370420596639923       0.0000000000000000
  0.7632507442515184     -0.9167816908063926       0.0000000000000000
  0.7632507442515184      0.9167816908063926       0.0000000000000000
  0.7632507442515184      0.9370420596639923       0.0000000000000000
  0.7632507442515184      0.9471722440927922       0.0000000000000000
  0.7720237413118806     -0.9319769674495924       0.0000000000000000
  0.7720237413118806     -0.9218467830207924       0.0000000000000000
  0.7720237413118806      0.9218467830207924       0.0000000000000000
  0.7720237413118806      0.9319769674495924       0.0000000000000000
  0.7807967383722427     -0.9167816908063926       0.0000000000000000
  0.7807967383722427      0.9167816908063926       0.0000000000000000
  1.0615326443038358     -0.0050650922144000       0.0000000000000000
  1.0615326443038358      0.0050650922144000       0.0000000000000000
  1.0703056413641983     -0.0202603688575998       0.0000000000000000
  1.0703056413641983     -0.0101301844287999       0.0000000000000000
  1.0703056413641983      0.0101301844287999       0.0000000000000000
  1.0703056413641983      0.0202603688575998       0.0000000000000000
  1.0790786384245603     -0.0354556455007997       0.0000000000000000
  1.0790786384245603     -0.0253254610719998       0.0000000000000000
  1.0790786384245603     -0.0050650922144000       0.0000000000000000
  1.0790786384245603      0.0050650922144000       0.0000000000000000
  1.0790786384245603      0.0253254610719998       0.0000000000000000
  1.0790786384245603      0.0354556455007997       0.0000000000000000
  1.0878516354849226     -0.0506509221439996       0.0000000000000000
  1.0878516354849226     -0.0405207377151997       0.0000000000000000
  1.0878516354849226     -0.0202603688575998       0.0000000000000000
  1.0878516354849226     -0.0101301844287999       0.0000000000000000
  1.0878516354849226      0.0101301844287999       0.0000000000000000
  1.0878516354849226      0.0202603688575998       0.0000000000000000
  1.0878516354849226      0.0405207377151997       0.0000000000000000
  1.0878516354849226      0.0506509221439996       0.0000000000000000
  1.0966246325452846     -0.0658461987871995       0.0000000000000000
  1.0966246325452846     -0.0557160143583995       0.0000000000000000
  1.0966246325452846     -0.0354556455007997       0.0000000000000000
  1.0966246325452846     -0.0253254610719998       0.0000000000000000
  1.0966246325452846     -0.0050650922144000       0.0000000000000000
  1.0966246325452846      0.0050650922144000       0.0000000000000000
  1.0966246325452846      0.0253254610719998       0.0000000000000000
  1.0966246325452846      0.0354556455007997       0.0000000000000000
  1.0966246325452846      0.0557160143583995       0.0000000000000000
  1.0966246325452846      0.0658461987871995       0.0000000000000000
  1.1053976296056471     -0.0810414754303993       0.0000000000000000
  1.1053976296056471     -0.0709112910015994       0.0000000000000000
  1.1053976296056471     -0.0506509221439996       0.0000000000000000
  1.1053976296056471     -0.0405207377151997       0.0000000000000000
  1.1053976296056471     -0.0202603688575998       0.0000000000000000
  1.1053976296056471     -0.0101301844287999       0.0000000000000000
  1.1053976296056471      0.0101301844287999       0.0000000000000000
  1.1053976296056471      0.0202603688575998       0.0000000000000000
  1.1053976296056471      0.0405207377151997       0.0000000000000000
  1.1053976296056471      0.0506509221439996       0.0000000000000000
  1.1053976296056471      0.0709112910015994       0.0000000000000000
  1.1053976296056471      0.0810414754303993       0.0000000000000000
  1.1141706266660094     -0.0962367520735992       0.0000000000000000
  1.1141706266660094     -0.0861065676447993       0.0000000000000000
  1.1141706266660094     -0.0658461987871995       0.0000000000000000
  1.1141706266660094     -0.0557160143583995       0.0000000000000000
  1.1141706266660094     -0.0354556455007997       0.0000000000000000
  1.1141706266660094     -0.0253254610719998       0.0000000000000000
  1.1141706266660094     -0.0050650922144000       0.0000000000000000
  1.1141706266660094      0.0050650922144000       0.0000000000000000
  1.1141706266660094      0.0253254610719998       0.0000000000000000
  1.1141706266660094      0.0354556455007997       0.0000000000000000
  1.1141706266660094      0.0557160143583995       0.0000000000000000
  1.1141706266660094      0.0658461987871995       0.0000000000000000
  1.1141706266660094      0.0861065676447993       0.0000000000000000
  1.1141706266660094      0.0962367520735992       0.0000000000000000
  1.1229436237263717     -0.1114320287167991       0.0000000000000000
  1.1229436237263717     -0.1013018442879992       0.0000000000000000
  1.1229436237263717     -0.0810414754303993       0.0000000000000000
  1.1229436237263717     -0.0709112910015994       0.0000000000000000
  1.1229436237263717     -0.0506509221439996       0.0000000000000000
  1.1229436237263717     -0.0405207377151997       0.0000000000000000
  1.1229436237263717     -0.0202603688575998       0.0000000000000000
  1.1229436237263717     -0.0101301844287999       0.0000000000000000
  1.1229436237263717      0.0101301844287999       0.0000000000000000
  1.1229436237263717      0.0202603688575998       0.0000000000000000
  1.1229436237263717      0.0405207377151997       0.0000000000000000
  1.1229436237263717      0.0506509221439996       0.0000000000000000
  1.1229436237263717      0.0709112910015994       0.0000000000000000
  1.1229436237263717      0.0810414754303993       0.0000000000000000
  1.1229436237263717      0.1013018442879992       0.0000000000000000
  1.1229436237263717      0.1114320287167991       0.0000000000000000
  1.1317166207867342     -0.1266273053599989       0.0000000000000000
  1.1317166207867342     -0.1164971209311990       0.0000000000000000
  1.1317166207867342     -0.0962367520735992       0.0000000000000000
  1.1317166207867342     -0.0861065676447993       0.0000000000000000
  1.1317166207867342     -0.0658461987871995       0.0000000000000000
  1.1317166207867342     -0.0557160143583995       0.0000000000000000
  1.1317166207867342     -0.0354556455007997       0.0000000000000000
  1.1317166207867342     -0.0253254610719998       0.0000000000000000
  1.1317166207867342     -0.0050650922144000       0.0000000000000000
  1.1317166207867342      0.0050650922144000       0.0000000000000000
  1.1317166207867342      0.0253254610719998       0.0000000000000000
  1.1317166207867342      0.0354556455007997       0.0000000000000000
  1.1317166207867342      0.0557160143583995       0.0000000000000000
  1.1317166207867342      0.0658461987871995       0.0000000000000000
  1.1317166207867342      0.0861065676447993       0.0000000000000000
  1.1317166207867342      0.0962367520735992       0.0000000000000000
  1.1317166207867342      0.1164971209311990       0.0000000000000000
  1.1317166207867342      0.1266273053599989       0.0000000000000000
  1.1404896178470965     -0.1418225820031988       0.0000000000000000
  1.1404896178470965     -0.1316923975743989       0.0000000000000000
  1.1404896178470965     -0.1114320287167991       0.0000000000000000
  1.1404896178470965     -0.1013018442879992       0.0000000000000000
  1.1404896178470965     -0.0810414754303993       0.0000000000000000
  1.1404896178470965     -0.0709112910015994       0.0000000000000000
  1.1404896178470965     -0.0506509221439996       0.0000000000000000
  1.1404896178470965     -0.0405207377151997       0.0000000000000000
  1.1404896178470965     -0.0202603688575998       0.0000000000000000
  1.1404896178470965     -0.0101301844287999       0.0000000000000000
  1.1404896178470965      0.0101301844287999       0.0000000000000000
  1.1404896178470965      0.0202603688575998       0.0000000000000000
  1.1404896178470965      0.0405207377151997       0.0000000000000000
  1.1404896178470965      0.0506509221439996       0.0000000000000000
  1.1404896178470965      0.0709112910015994       0.0000000000000000
  1.1404896178470965      0.0810414754303993       0.0000000000000000
  1.1404896178470965      0.1013018442879992       0.0000000000000000
  1.1404896178470965      0.1114320287167991       0.0000000000000000
  1.1404896178470965      0.1316923975743989       0.0000000000000000
  1.1404896178470965      0.1418225820031988       0.0000000000000000
  1.1492626149074585     -0.1570178586463987       0.0000000000000000
  1.1492626149074585     -0.1468876742175988       0.0000000000000000
  1.1492626149074585     -0.1266273053599989       0.0000000000000000
  1.1492626149074585     -0.1164971209311990       0.0000000000000000
  1.1492626149074585     -0.0962367520735992       0.0000000000000000
  1.1492626149074585     -0.0861065676447993       0.0000000000000000
  1.1492626149074585     -0.0658461987871995       0.0000000000000000
  1.1492626149074585     -0.0557160143583995       0.0000000000000000
  1.1492626149074585     -0.0354556455007997       0.0000000000000000
  1.1492626149074585     -0.0253254610719998       0.0000000000000000
  1.1492626149074585     -0.0050650922144000       0.0000000000000000
  1.1492626149074585      0.0050650922144000       0.0000000000000000
  1.1492626149074585      0.0253254610719998       0.0000000000000000
  1.1492626149074585      0.0354556455007997       0.0000000000000000
  1.1492626149074585      0.0557160143583995       0.0000000000000000
  1.1492626149074585      0.0658461987871995       0.0000000000000000
  1.1492626149074585      0.0861065676447993       0.0000000000000000
  1.1492626149074585      0.0962367520735992       0.0000000000000000
  1.1492626149074585      0.1164971209311990       0.0000000000000000
  1.1492626149074585      0.1266273053599989       0.0000000000000000
  1.1492626149074585      0.1468876742175988       0.0000000000000000
  1.1492626149074585      0.1570178586463987       0.0000000000000000
  1.1580356119678208     -0.1722131352895986       0.0000000000000000
  1.1580356119678208     -0.1620829508607987       0.0000000000000000
  1.1580356119678208     -0.1418225820031988       0.0000000000000000
  1.1580356119678208     -0.1316923975743989       0.0000000000000000
  1.1580356119678208     -0.1114320287167991       0.0000000000000000
  1.1580356119678208     -0.1013018442879992       0.0000000000000000
  1.1580356119678208     -0.0810414754303993       0.0000000000000000
  1.1580356119678208     -0.0709112910015994       0.0000000000000000
  1.1580356119678208     -0.0506509221439996       0.0000000000000000
  1.1580356119678208     -0.0405207377151997       0.0000000000000000
  1.1580356119678208     -0.0202603688575998       0.0000000000000000
  1.1580356119678208     -0.0101301844287999       0.0000000000000000
  1.1580356119678208      0.0101301844287999       0.0000000000000000
  1.1580356119678208      0.0202603688575998       0.0000000000000000
  1.1580356119678208      0.0405207377151997       0.0000000000000000
  1.1580356119678208      0.0506509221439996       0.0000000000000000
  1.1580356119678208      0.0709112910015994       0.0000000000000000
  1.1580356119678208      0.0810414754303993       0.0000000000000000
  1.1580356119678208      0.1013018442879992       0.0000000000000000
  1.1580356119678208      0.1114320287167991       0.0000000000000000
  1.1580356119678208      0.1316923975743989       0.0000000000000000
  1.1580356119678208      0.1418225820031988       0.0000000000000000
  1.1580356119678208      0.1620829508607987       0.0000000000000000
  1.1580356119678208      0.1722131352895986       0.0000000000000000
  1.1668086090281833     -0.1874084119327984       0.0000000000000000
  1.1668086090281833     -0.1772782275039985       0.0000000000000000
  1.1668086090281833     -0.1570178586463987       0.0000000000000000
  1.1668086090281833     -0.1468876742175988       0.0000000000000000
  1.1668086090281833     -0.1266273053599989       0.0000000000000000
  1.1668086090281833     -0.1164971209311990       0.0000000000000000
  1.1668086090281833     -0.0962367520735992       0.0000000000000000
  1.1668086090281833     -0.0861065676447993       0.0000000000000000
  1.1668086090281833     -0.0658461987871995       0.0000000000000000
  1.1668086090281833     -0.0557160143583995       0.0000000000000000
  1.1668086090281833     -0.0354556455007997       0.0000000000000000
  1.1668086090281833     -0.0253254610719998       0.0000000000000000
  1.1668086090281833     -0.0050650922144000       0.0000000000000000
  1.1668086090281833      0.0050650922144000       0.0000000000000000
  1.1668086090281833      0.0253254610719998       0.0000000000000000
  1.1668086090281833      0.0354556455007997       0.0000000000000000
  1.1668086090281833      0.0557160143583995       0.0000000000000000
  1.1668086090281833      0.0658461987871995       0.0000000000000000
  1.1668086090281833      0.0861065676447993       0.0000000000000000
  1.1668086090281833      0.0962367520735992       0.0000000000000000
  1.1668086090281833      0.1164971209311990       0.0000000000000000
  1.1668086090281833      0.1266273053599989       0.0000000000000000
  1.1668086090281833      0.1468876742175988       0.0000000000000000
  1.1668086090281833      0.1570178586463987       0.0000000000000000
  1.1668086090281833      0.1772782275039985       0.0000000000000000
  1.1668086090281833      0.1874084119327984       0.0000000000000000
  1.1755816060885453     -0.2026036885759983       0.0000000000000000
  1.1755816060885453     -0.1924735041471984       0.0000000000000000
  1.1755816060885453     -0.1722131352895986       0.0000000000000000
  1.1755816060885453     -0.1620829508607987       0.0000000000000000
  1.1755816060885453     -0.1418225820031988       0.0000000000000000
  1.1755816060885453     -0.1316923975743989       0.0000000000000000
  1.1755816060885453     -0.1114320287167991       0.0000000000000000
  1.1755816060885453     -0.1013018442879992       0.0000000000000000
  1.1755816060885453     -0.0810414754303993       0.0000000000000000
  1.1755816060885453     -0.0709112910015994       0.0000000000000000
  1.1755816060885453     -0.0506509221439996       0.0000000000000000
  1.1755816060885453     -0.0405207377151997       0.0000000000000000
  1.1755816060885453     -0.0202603688575998       0.0000000000000000
  1.1755816060885453     -0.0101301844287999       0.0000000000000000
  1.1755816060885453      0.0101301844287999       0.0000000000000000
  1.1755816060885453      0.0202603688575998       0.0000000000000000
  1.1755816060885453      0.0405207377151997       0.0000000000000000
  1.1755816060885453      0.0506509221439996       0.0000000000000000
  1.1755816060885453      0.0709112910015994       0.0000000000000000
  1.1755816060885453      0.0810414754303993       0.0000000000000000
  1.1755816060885453      0.1013018442879992       0.0000000000000000
  1.1755816060885453      0.1114320287167991       0.0000000000000000
  1.1755816060885453      0.1316923975743989       0.0000000000000000
  1.1755816060885453      0.1418225820031988       0.0000000000000000
  1.1755816060885453      0.1620829508607987       0.0000000000000000
  1.1755816060885453      0.1722131352895986       0.0000000000000000
  1.1755816060885453      0.1924735041471984       0.0000000000000000
  1.1755816060885453      0.2026036885759983       0.0000000000000000
  1.1843546031489076     -0.2177989652191982       0.0000000000000000
  1.1843546031489076     -0.2076687807903983       0.0000000000000000
  1.1843546031489076     -0.1874084119327984       0.0000000000000000
  1.1843546031489076     -0.1772782275039985       0.0000000000000000
  1.1843546031489076     -0.1570178586463987       0.0000000000000000
  1.1843546031489076     -0.1468876742175988       0.0000000000000000
  1.1843546031489076     -0.1266273053599989       0.0000000000000000
  1.1843546031489076     -0.1164971209311990       0.0000000000000000
  1.1843546031489076     -0.0962367520735992       0.0000000000000000
  1.1843546031489076     -0.0861065676447993       0.0000000000000000
  1.1843546031489076     -0.0658461987871995       0.0000000000000000
  1.1843546031489076     -0.0557160143583995       0.0000000000000000
  1.1843546031489076     -0.0354556455007997       0.0000000000000000
  1.1843546031489076     -0.0253254610719998       0.0000000000000000
  1.1843546031489076     -0.0050650922144000       0.0000000000000000
  1.1843546031489076      0.0050650922144000       0.0000000000000000
  1.1843546031489076      0.0253254610719998       0.0000000000000000
  1.1843546031489076      0.0354556455007997       0.0000000000000000
  1.1843546031489076      0.0557160143583995       0.0000000000000000
  1.1843546031489076      0.0658461987871995       0.0000000000000000
  1.1843546031489076      0.0861065676447993       0.0000000000000000
  1.1843546031489076      0.0962367520735992       0.0000000000000000
  1.1843546031489076      0.1164971209311990       0.0000000000000000
  1.1843546031489076      0.1266273053599989       0.0000000000000000
  1.1843546031489076      0.1468876742175988       0.0000000000000000
  1.1843546031489076      0.1570178586463987       0.0000000000000000
  1.1843546031489076      0.1772782275039985       0.0000000000000000
  1.1843546031489076      0.1874084119327984       0.0000000000000000
  1.1843546031489076      0.2076687807903983       0.0000000000000000
  1.1843546031489076      0.2177989652191982       0.0000000000000000
  1.1931276002092699     -0.2026036885759983       0.0000000000000000
  1.1931276002092699     -0.1924735041471984       0.0000000000000000
  1.1931276002092699     -0.1722131352895986       0.0000000000000000
  1.1931276002092699     -0.1620829508607987       0.0000000000000000
  1.1931276002092699     -0.1418225820031988       0.0000000000000000
  1.1931276002092699     -0.1316923975743989       0.0000000000000000
  1.1931276002092699     -0.1114320287167991       0.0000000000000000
  1.1931276002092699     -0.1013018442879992       0.0000000000000000
  1.1931276002092699     -0.0810414754303993       0.0000000000000000
  1.1931276002092699     -0.0709112910015994       0.0000000000000000
  1.1931276002092699     -0.0506509221439996       0.0000000000000000
  1.1931276002092699     -0.0405207377151997       0.0000000000000000
  1.1931276002092699     -0.0202603688575998       0.0000000000000000
  1.1931276002092699     -0.0101301844287999       0.0000000000000000
  1.1931276002092699      0.0101301844287999       0.0000000000000000
  1.1931276002092699      0.0202603688575998       0.0000000000000000
  1.1931276002092699      0.0405207377151997       0.0000000000000000
  1.1931276002092699      0.0506509221439996       0.0000000000000000
  1.1931276002092699      0.0709112910015994       0.0000000000000000
  1.1931276002092699      0.0810414754303993       0.0000000000000000
  1.1931276002092699      0.1013018442879992       0.0000000000000000
  1.1931276002092699      0.1114320287167991       0.0000000000000000
  1.1931276002092699      0.1316923975743989       0.0000000000000000
  1.1931276002092699      0.1418225820031988       0.0000000000000000
  1.1931276002092699      0.1620829508607987       0.0000000000000000
  1.1931276002092699      0.1722131352895986       0.0000000000000000
  1.1931276002092699      0.1924735041471984       0.0000000000000000
  1.1931276002092699      0.2026036885759983       0.0000000000000000
  1.2019005972696324     -0.1874084119327984       0.0000000000000000
  1.2019005972696324     -0.1772782275039985       0.0000000000000000
  1.2019005972696324     -0.1570178586463987       0.0000000000000000
  1.2019005972696324     -0.1468876742175988       0.0000000000000000
  1.2019005972696324     -0.1266273053599989       0.0000000000000000
  1.2019005972696324     -0.1164971209311990       0.0000000000000000
  1.2019005972696324     -0.0962367520735992       0.0000000000000000
  1.2019005972696324     -0.0861065676447993       0.0000000000000000
  1.2019005972696324     -0.0658461987871995       0.0000000000000000
  1.2019005972696324     -0.0557160143583995       0.0000000000000000
  1.2019005972696324     -0.0354556455007997       0.0000000000000000
  1.2019005972696324     -0.0253254610719998       0.0000000000000000
  1.2019005972696324     -0.0050650922144000       0.0000000000000000
  1.2019005972696324      0.0050650922144000       0.0000000000000000
  1.2019005972696324      0.0253254610719998       0.0000000000000000
  1.2019005972696324      0.0354556455007997       0.0000000000000000
  1.2019005972696324      0.0557160143583995       0.0000000000000000
  1.2019005972696324      0.0658461987871995       0.0000000000000000
  1.2019005972696324      0.0861065676447993       0.0000000000000000
  1.2019005972696324      0.0962367520735992       0.0000000000000000
  1.2019005972696324      0.1164971209311990       0.0000000000000000
  1.2019005972696324      0.1266273053599989       0.0000000000000000
  1.2019005972696324      0.1468876742175988       0.0000000000000000
  1.2019005972696324      0.1570178586463987       0.0000000000000000
  1.2019005972696324      0.1772782275039985       0.0000000000000000
  1.2019005972696324      0.1874084119327984       0.0000000000000000
  1.2106735943299947     -0.1722131352895986       0.0000000000000000
  1.2106735943299947     -0.1620829508607987       0.0000000000000000
  1.2106735943299947     -0.1418225820031988       0.0000000000000000
  1.2106735943299947     -0.1316923975743989       0.0000000000000000
  1.2106735943299947     -0.1114320287167991       0.0000000000000000
  1.2106735943299947     -0.1013018442879992       0.0000000000000000
  1.2106735943299947     -0.0810414754303993       0.0000000000000000
  1.2106735943299947     -0.0709112910015994       0.0000000000000000
  1.2106735943299947     -0.0506509221439996       0.0000000000000000
  1.2106735943299947     -0.0405207377151997       0.0000000000000000
  1.2106735943299947     -0.0202603688575998       0.0000000000000000
  1.2106735943299947     -0.0101301844287999       0.0000000000000000
  1.2106735943299947      0.0101301844287999       0.0000000000000000
  1.2106735943299947      0.0202603688575998       0.0000000000000000
  1.2106735943299947      0.0405207377151997       0.0000000000000000
  1.2106735943299947      0.0506509221439996       0.0000000000000000
  1.2106735943299947      0.0709112910015994       0.0000000000000000
  1.2106735943299947      0.0810414754303993       0.0000000000000000
  1.2106735943299947      0.1013018442879992       0.0000000000000000
  1.2106735943299947      0.1114320287167991       0.0000000000000000
  1.2106735943299947      0.1316923975743989       0.0000000000000000
  1.2106735943299947      0.1418225820031988       0.0000000000000000
  1.2106735943299947      0.1620829508607987       0.0000000000000000
  1.2106735943299947      0.1722131352895986       0.0000000000000000
  1.2194465913903567     -0.1570178586463987       0.0000000000000000
  1.2194465913903567     -0.1468876742175988       0.0000000000000000
  1.2194465913903567     -0.1266273053599989       0.0000000000000000
  1.2194465913903567     -0.1164971209311990       0.0000000000000000
  1.2194465913903567     -0.0962367520735992       0.0000000000000000
  1.2194465913903567     -0.0861065676447993       0.0000000000000000
  1.2194465913903567     -0.0658461987871995       0.0000000000000000
  1.2194465913903567     -0.0557160143583995       0.0000000000000000
  1.2194465913903567     -0.0354556455007997       0.0000000000000000
  1.2194465913903567     -0.0253254610719998       0.0000000000000000
  1.2194465913903567     -0.0050650922144000       0.0000000000000000
  1.2194465913903567      0.0050650922144000       0.0000000000000000
  1.2194465913903567      0.0253254610719998       0.0000000000000000
  1.2194465913903567      0.0354556455007997       0.0000000000000000
  1.2194465913903567      0.0557160143583995       0.0000000000000000
  1.2194465913903567      0.0658461987871995       0.0000000000000000
  1.2194465913903567      0.0861065676447993       0.0000000000000000
  1.2194465913903567      0.0962367520735992       0.0000000000000000
  1.2194465913903567      0.1164971209311990       0.0000000000000000
  1.2194465913903567      0.1266273053599989       0.0000000000000000
  1.2194465913903567      0.1468876742175988       0.0000000000000000
  1.2194465913903567      0.1570178586463987       0.0000000000000000
  1.2282195884507192     -0.1418225820031988       0.0000000000000000
  1.2282195884507192     -0.1316923975743989       0.0000000000000000
  1.2282195884507192     -0.1114320287167991       0.0000000000000000
  1.2282195884507192     -0.1013018442879992       0.0000000000000000
  1.2282195884507192     -0.0810414754303993       0.0000000000000000
  1.2282195884507192     -0.0709112910015994       0.0000000000000000
  1.2282195884507192     -0.0506509221439996       0.0000000000000000
  1.2282195884507192     -0.0405207377151997       0.0000000000000000
  1.2282195884507192     -0.0202603688575998       0.0000000000000000
  1.2282195884507192     -0.0101301844287999       0.0000000000000000
  1.2282195884507192      0.0101301844287999       0.0000000000000000
  1.2282195884507192      0.0202603688575998       0.0000000000000000
  1.2282195884507192      0.0405207377151997       0.0000000000000000
  1.2282195884507192      0.0506509221439996       0.0000000000000000
  1.2282195884507192      0.0709112910015994       0.0000000000000000
  1.2282195884507192      0.0810414754303993       0.0000000000000000
  1.2282195884507192      0.1013018442879992       0.0000000000000000
  1.2282195884507192      0.1114320287167991       0.0000000000000000
  1.2282195884507192      0.1316923975743989       0.0000000000000000
  1.2282195884507192      0.1418225820031988       0.0000000000000000
  1.2369925855110813     -0.1266273053599989       0.0000000000000000
  1.2369925855110813     -0.1164971209311990       0.0000000000000000
  1.2369925855110813     -0.0962367520735992       0.0000000000000000
  1.2369925855110813     -0.0861065676447993       0.0000000000000000
  1.2369925855110813     -0.0658461987871995       0.0000000000000000
  1.2369925855110813     -0.0557160143583995       0.0000000000000000
  1.2369925855110813     -0.0354556455007997       0.0000000000000000
  1.2369925855110813     -0.0253254610719998       0.0000000000000000
  1.2369925855110813     -0.0050650922144000       0.0000000000000000
  1.2369925855110813      0.0050650922144000       0.0000000000000000
  1.2369925855110813      0.0253254610719998       0.0000000000000000
  1.2369925855110813      0.0354556455007997       0.0000000000000000
  1.2369925855110813      0.0557160143583995       0.0000000000000000
  1.2369925855110813      0.0658461987871995       0.0000000000000000
  1.2369925855110813      0.0861065676447993       0.0000000000000000
  1.2369925855110813      0.0962367520735992       0.0000000000000000
  1.2369925855110813      0.1164971209311990       0.0000000000000000
  1.2369925855110813      0.1266273053599989       0.0000000000000000
  1.2457655825714435     -0.1114320287167991       0.0000000000000000
  1.2457655825714435     -0.1013018442879992       0.0000000000000000
  1.2457655825714435     -0.0810414754303993       0.0000000000000000
  1.2457655825714435     -0.0709112910015994       0.0000000000000000
  1.2457655825714435     -0.0506509221439996       0.0000000000000000
  1.2457655825714435     -0.0405207377151997       0.0000000000000000
  1.2457655825714435     -0.0202603688575998       0.0000000000000000
  1.2457655825714435     -0.0101301844287999       0.0000000000000000
  1.2457655825714435      0.0101301844287999       0.0000000000000000
  1.2457655825714435      0.0202603688575998       0.0000000000000000
  1.2457655825714435      0.0405207377151997       0.0000000000000000
  1.2457655825714435      0.0506509221439996       0.0000000000000000
  1.2457655825714435      0.0709112910015994       0.0000000000000000
  1.2457655825714435      0.0810414754303993       0.0000000000000000
  1.2457655825714435      0.1013018442879992       0.0000000000000000
  1.2457655825714435      0.1114320287167991       0.0000000000000000
  1.2545385796318058     -0.0962367520735992       0.0000000000000000
  1.2545385796318058     -0.0861065676447993       0.0000000000000000
  1.2545385796318058     -0.0658461987871995       0.0000000000000000
  1.2545385796318058     -0.0557160143583995       0.0000000000000000
  1.2545385796318058     -0.0354556455007997       0.0000000000000000
  1.2545385796318058     -0.0253254610719998       0.0000000000000000
  1.2545385796318058     -0.0050650922144000       0.0000000000000000
  1.2545385796318058      0.0050650922144000       0.0000000000000000
  1.2545385796318058      0.0253254610719998       0.0000000000000000
  1.2545385796318058      0.0354556455007997       0.0000000000000000
  1.2545385796318058      0.0557160143583995       0.0000000000000000
  1.2545385796318058      0.0658461987871995       0.0000000000000000
  1.2545385796318058      0.0861065676447993       0.0000000000000000
  1.2545385796318058      0.0962367520735992       0.0000000000000000
  1.2633115766921683     -0.0810414754303993       0.0000000000000000
  1.2633115766921683     -0.0709112910015994       0.0000000000000000
  1.2633115766921683     -0.0506509221439996       0.0000000000000000
  1.2633115766921683     -0.0405207377151997       0.0000000000000000
  1.2633115766921683     -0.0202603688575998       0.0000000000000000
  1.2633115766921683     -0.0101301844287999       0.0000000000000000
  1.2633115766921683      0.0101301844287999       0.0000000000000000
  1.2633115766921683      0.0202603688575998       0.0000000000000000
  1.2633115766921683      0.0405207377151997       0.0000000000000000
  1.2633115766921683      0.0506509221439996       0.0000000000000000
  1.2633115766921683      0.0709112910015994       0.0000000000000000
  1.2633115766921683      0.0810414754303993       0.0000000000000000
  1.2720845737525306     -0.0658461987871995       0.0000000000000000
  1.2720845737525306     -0.0557160143583995       0.0000000000000000
  1.2720845737525306     -0.0354556455007997       0.0000000000000000
  1.2720845737525306     -0.0253254610719998       0.0000000000000000
  1.2720845737525306     -0.0050650922144000       0.0000000000000000
  1.2720845737525306      0.0050650922144000       0.0000000000000000
  1.2720845737525306      0.0253254610719998       0.0000000000000000
  1.2720845737525306      0.0354556455007997       0.0000000000000000
  1.2720845737525306      0.0557160143583995       0.0000000000000000
  1.2720845737525306      0.0658461987871995       0.0000000000000000
  1.2808575708128926     -0.0202603688575998       0.0000000000000000
  1.2808575708128926     -0.0101301844287999       0.0000000000000000
  1.2808575708128926      0.0101301844287999       0.0000000000000000
  1.2808575708128926      0.0202603688575998       0.0000000000000000
  1.2808575708128929     -0.0506509221439996       0.0000000000000000
  1.2808575708128929     -0.0405207377151997       0.0000000000000000
  1.2808575708128929      0.0405207377151997       0.0000000000000000
  1.2808575708128929      0.0506509221439996       0.0000000000000000
  1.2896305678732551     -0.0354556455007997       0.0000000000000000
  1.2896305678732551     -0.0253254610719998       0.0000000000000000
  1.2896305678732551     -0.0050650922144000       0.0000000000000000
  1.2896305678732551      0.0050650922144000       0.0000000000000000
  1.2896305678732551      0.0253254610719998       0.0000000000000000
  1.2896305678732551      0.0354556455007997       0.0000000000000000
  1.2984035649336174     -0.0202603688575998       0.0000000000000000
  1.2984035649336174     -0.0101301844287999       0.0000000000000000
  1.2984035649336174      0.0101301844287999       0.0000000000000000
  1.2984035649336174      0.0202603688575998       0.0000000000000000
  1.3071765619939797     -0.0050650922144000       0.0000000000000000
  1.3071765619939797      0.0050650922144000       0.0000000000000000
 -1.1404896178470962     -0.2532546107199979       0.0000000000000000
 -1.1404896178470962      0.2532546107199979       0.0000000000000000
 -1.1404896178470960     -0.2026036885759983       0.0000000000000000
 -1.1404896178470960      0.2026036885759983       0.0000000000000000
 -1.0966246325452849     -0.3292309939359973       0.0000000000000000
 -1.0966246325452849      0.3292309939359973       0.0000000000000000
 -1.0966246325452846     -0.2785800717919977       0.0000000000000000
 -1.0966246325452846      0.2785800717919977       0.0000000000000000
 -1.0966246325452844     -0.1772782275039985       0.0000000000000000
 -1.0966246325452844     -0.1266273053599989       0.0000000000000000
 -1.0966246325452844      0.1266273053599989       0.0000000000000000
 -1.0966246325452844      0.1772782275039985       0.0000000000000000
 -1.0527596472434735     -0.4052073771519967       0.0000000000000000
 -1.0527596472434735     -0.3545564550079971       0.0000000000000000
 -1.0527596472434735      0.3545564550079971       0.0000000000000000
 -1.0527596472434735      0.4052073771519967       0.0000000000000000
 -1.0527596472434733     -0.2532546107199979       0.0000000000000000
 -1.0527596472434733     -0.2026036885759983       0.0000000000000000
 -1.0527596472434733     -0.1013018442879992       0.0000000000000000
 -1.0527596472434733     -0.0506509221439996       0.0000000000000000
 -1.0527596472434733      0.0506509221439996       0.0000000000000000
 -1.0527596472434733      0.1013018442879992       0.0000000000000000
 -1.0527596472434733      0.2026036885759983       0.0000000000000000
 -1.0527596472434733      0.2532546107199979       0.0000000000000000
 -1.0088946619416621     -0.4811837603679959       0.0000000000000000
 -1.0088946619416621     -0.4305328382239964       0.0000000000000000
 -1.0088946619416621     -0.3292309939359973       0.0000000000000000
 -1.0088946619416621     -0.2785800717919977       0.0000000000000000
 -1.0088946619416621     -0.1772782275039985       0.0000000000000000
 -1.0088946619416621     -0.1266273053599989       0.0000000000000000
 -1.0088946619416621     -0.0253254610719998       0.0000000000000000
 -1.0088946619416621      0.0253254610719998       0.0000000000000000
 -1.0088946619416621      0.1266273053599989       0.0000000000000000
 -1.0088946619416621      0.1772782275039985       0.0000000000000000
 -1.0088946619416621      0.2785800717919977       0.0000000000000000
 -1.0088946619416621      0.3292309939359973       0.0000000000000000
 -1.0088946619416621      0.4305328382239964       0.0000000000000000
 -1.0088946619416621      0.4811837603679959       0.0000000000000000
 -0.9650296766398507     -0.4052073771519967       0.0000000000000000
 -0.9650296766398507     -0.3545564550079971       0.0000000000000000
 -0.9650296766398507     -0.2532546107199979       0.0000000000000000
 -0.9650296766398507     -0.2026036885759983       0.0000000000000000
 -0.9650296766398507     -0.1013018442879992       0.0000000000000000
 -0.9650296766398507     -0.0506509221439996       0.0000000000000000
 -0.9650296766398507      0.0506509221439996       0.0000000000000000
 -0.9650296766398507      0.1013018442879992       0.0000000000000000
 -0.9650296766398507      0.2026036885759983       0.0000000000000000
 -0.9650296766398507      0.2532546107199979       0.0000000000000000
 -0.9650296766398507      0.3545564550079971       0.0000000000000000
 -0.9650296766398507      0.4052073771519967       0.0000000000000000
 -0.9650296766398505     -0.5571601435839953       0.0000000000000000
 -0.9650296766398505     -0.5065092214399958       0.0000000000000000
 -0.9650296766398505      0.5065092214399958       0.0000000000000000
 -0.9650296766398505      0.5571601435839953       0.0000000000000000
 -0.9211646913380392     -0.6331365267999948       0.0000000000000000
 -0.9211646913380392     -0.5824856046559952       0.0000000000000000
 -0.9211646913380392     -0.4811837603679959       0.0000000000000000
 -0.9211646913380392     -0.4305328382239964       0.0000000000000000
 -0.9211646913380392     -0.3292309939359973       0.0000000000000000
 -0.9211646913380392     -0.2785800717919977       0.0000000000000000
 -0.9211646913380392     -0.1772782275039985       0.0000000000000000
 -0.9211646913380392     -0.1266273053599989       0.0000000000000000
 -0.9211646913380392     -0.0253254610719998       0.0000000000000000
 -0.9211646913380392      0.0253254610719998       0.0000000000000000
 -0.9211646913380392      0.1266273053599989       0.0000000000000000
 -0.9211646913380392      0.1772782275039985       0.0000000000000000
 -0.9211646913380392      0.2785800717919977       0.0000000000000000
 -0.9211646913380392      0.3292309939359973       0.0000000000000000
 -0.9211646913380392      0.4305328382239964       0.0000000000000000
 -0.9211646913380392      0.4811837603679959       0.0000000000000000
 -0.9211646913380392      0.5824856046559952       0.0000000000000000
 -0.9211646913380392      0.6331365267999948       0.0000000000000000
 -0.8772997060362279     -0.3545564550079971       0.0000000000000000
 -0.8772997060362279     -0.2532546107199979       0.0000000000000000
 -0.8772997060362279     -0.2026036885759983       0.0000000000000000
 -0.8772997060362279     -0.1013018442879992       0.0000000000000000
 -0.8772997060362279     -0.0506509221439996       0.0000000000000000
 -0.8772997060362279      0.0506509221439996       0.0000000000000000
 -0.8772997060362279      0.1013018442879992       0.0000000000000000
 -0.8772997060362279      0.2026036885759983       0.0000000000000000
 -0.8772997060362279      0.2532546107199979       0.0000000000000000
 -0.8772997060362279      0.3545564550079971       0.0000000000000000
 -0.8772997060362278     -0.7091129100159942       0.0000000000000000
 -0.8772997060362278     -0.6584619878719946       0.0000000000000000
 -0.8772997060362278     -0.5571601435839953       0.0000000000000000
 -0.8772997060362278     -0.5065092214399958       0.0000000000000000
 -0.8772997060362278     -0.4052073771519967       0.0000000000000000
 -0.8772997060362278      0.4052073771519967       0.0000000000000000
 -0.8772997060362278      0.5065092214399958       0.0000000000000000
 -0.8772997060362278      0.5571601435839953       0.0000000000000000
 -0.8772997060362278      0.6584619878719946       0.0000000000000000
 -0.8772997060362278      0.7091129100159942       0.0000000000000000
 -0.8334347207344165     -0.7850892932319935       0.0000000000000000
 -0.8334347207344165     -0.7344383710879939       0.0000000000000000
 -0.8334347207344165     -0.6331365267999948       0.0000000000000000
 -0.8334347207344165     -0.5824856046559952       0.0000000000000000
 -0.8334347207344165     -0.3292309939359973       0.0000000000000000
 -0.8334347207344165     -0.2785800717919977       0.0000000000000000
 -0.8334347207344165     -0.1772782275039985       0.0000000000000000
 -0.8334347207344165     -0.1266273053599989       0.0000000000000000
 -0.8334347207344165     -0.0253254610719998       0.0000000000000000
 -0.8334347207344165      0.0253254610719998       0.0000000000000000
 -0.8334347207344165      0.1266273053599989       0.0000000000000000
 -0.8334347207344165      0.1772782275039985       0.0000000000000000
 -0.8334347207344165      0.2785800717919977       0.0000000000000000
 -0.8334347207344165      0.3292309939359973       0.0000000000000000
 -0.8334347207344165      0.5824856046559952       0.0000000000000000
 -0.8334347207344165      0.6331365267999948       0.0000000000000000
 -0.8334347207344165      0.7344383710879939       0.0000000000000000
 -0.8334347207344165      0.7850892932319935       0.0000000000000000
 -0.8334347207344163     -0.4811837603679959       0.0000000000000000
 -0.8334347207344163     -0.4305328382239964       0.0000000000000000
 -0.8334347207344163      0.4305328382239964       0.0000000000000000
 -0.8334347207344163      0.4811837603679959       0.0000000000000000
 -0.7895697354326050     -0.8610656764479929       0.0000000000000000
 -0.7895697354326050     -0.8104147543039933       0.0000000000000000
 -0.7895697354326050     -0.7091129100159942       0.0000000000000000
 -0.7895697354326050     -0.6584619878719946       0.0000000000000000
 -0.7895697354326050     -0.5571601435839953       0.0000000000000000
 -0.7895697354326050     -0.5065092214399958       0.0000000000000000
 -0.7895697354326050     -0.4052073771519967       0.0000000000000000
 -0.7895697354326050     -0.3545564550079971       0.0000000000000000
 -0.7895697354326050     -0.2532546107199979       0.0000000000000000
 -0.7895697354326050     -0.2026036885759983       0.0000000000000000
 -0.7895697354326050     -0.1013018442879992       0.0000000000000000
 -0.7895697354326050     -0.0506509221439996       0.0000000000000000
 -0.7895697354326050      0.0506509221439996       0.0000000000000000
 -0.7895697354326050      0.1013018442879992       0.0000000000000000
 -0.7895697354326050      0.2026036885759983       0.0000000000000000
 -0.7895697354326050      0.2532546107199979       0.0000000000000000
 -0.7895697354326050      0.3545564550079971       0.0000000000000000
 -0.7895697354326050      0.4052073771519967       0.0000000000000000
 -0.7895697354326050      0.5065092214399958       0.0000000000000000
 -0.7895697354326050      0.5571601435839953       0.0000000000000000
 -0.7895697354326050      0.6584619878719946       0.0000000000000000
 -0.7895697354326050      0.7091129100159942       0.0000000000000000
 -0.7895697354326050      0.8104147543039933       0.0000000000000000
 -0.7895697354326050      0.8610656764479929       0.0000000000000000
 -0.7457047501307937     -0.7344383710879939       0.0000000000000000
 -0.7457047501307937     -0.6331365267999948       0.0000000000000000
 -0.7457047501307937     -0.5824856046559952       0.0000000000000000
 -0.7457047501307937     -0.4811837603679959       0.0000000000000000
 -0.7457047501307937      0.4811837603679959       0.0000000000000000
 -0.7457047501307937      0.5824856046559952       0.0000000000000000
 -0.7457047501307937      0.6331365267999948       0.0000000000000000
 -0.7457047501307937      0.7344383710879939       0.0000000000000000
 -0.7457047501307936     -0.8863911375199928       0.0000000000000000
 -0.7457047501307936     -0.7850892932319935       0.0000000000000000
 -0.7457047501307936     -0.4305328382239964       0.0000000000000000
 -0.7457047501307936     -0.3292309939359973       0.0000000000000000
 -0.7457047501307936     -0.2785800717919977       0.0000000000000000
 -0.7457047501307936     -0.1772782275039985       0.0000000000000000
 -0.7457047501307936     -0.1266273053599989       0.0000000000000000
 -0.7457047501307936     -0.0253254610719998       0.0000000000000000
 -0.7457047501307936      0.0253254610719998       0.0000000000000000
 -0.7457047501307936      0.1266273053599989       0.0000000000000000
 -0.7457047501307936      0.1772782275039985       0.0000000000000000
 -0.7457047501307936      0.2785800717919977       0.0000000000000000
 -0.7457047501307936      0.3292309939359973       0.0000000000000000
 -0.7457047501307936      0.4305328382239964       0.0000000000000000
 -0.7457047501307936      0.7850892932319935       0.0000000000000000
 -0.7457047501307936      0.8863911375199928       0.0000000000000000
 -0.7018397648289824     -0.4052073771519967       0.0000000000000000
 -0.7018397648289824     -0.3545564550079971       0.0000000000000000
 -0.7018397648289824      0.3545564550079971       0.0000000000000000
 -0.7018397648289824      0.4052073771519967       0.0000000000000000
 -0.7018397648289821     -0.8610656764479929       0.0000000000000000
 -0.7018397648289821     -0.8104147543039933       0.0000000000000000
 -0.7018397648289821     -0.7091129100159942       0.0000000000000000
 -0.7018397648289821     -0.6584619878719946       0.0000000000000000
 -0.7018397648289821     -0.5571601435839953       0.0000000000000000
 -0.7018397648289821     -0.5065092214399958       0.0000000000000000
 -0.7018397648289821     -0.2532546107199979       0.0000000000000000
 -0.7018397648289821     -0.2026036885759983       0.0000000000000000
 -0.7018397648289821     -0.1013018442879992       0.0000000000000000
 -0.7018397648289821     -0.0506509221439996       0.0000000000000000
 -0.7018397648289821      0.0506509221439996       0.0000000000000000
 -0.7018397648289821      0.1013018442879992       0.0000000000000000
 -0.7018397648289821      0.2026036885759983       0.0000000000000000
 -0.7018397648289821      0.2532546107199979       0.0000000000000000
 -0.7018397648289821      0.5065092214399958       0.0000000000000000
 -0.7018397648289821      0.5571601435839953       0.0000000000000000
 -0.7018397648289821      0.6584619878719946       0.0000000000000000
 -0.7018397648289821      0.7091129100159942       0.0000000000000000
 -0.7018397648289821      0.8104147543039933       0.0000000000000000
 -0.7018397648289821      0.8610656764479929       0.0000000000000000
 -0.6579747795271709     -0.8863911375199928       0.0000000000000000
 -0.6579747795271709     -0.7850892932319935       0.0000000000000000
 -0.6579747795271709     -0.7344383710879939       0.0000000000000000
 -0.6579747795271709     -0.6331365267999948       0.0000000000000000
 -0.6579747795271709     -0.5824856046559952       0.0000000000000000
 -0.6579747795271709     -0.4811837603679959       0.0000000000000000
 -0.6579747795271709     -0.4305328382239964       0.0000000000000000
 -0.6579747795271709     -0.3292309939359973       0.0000000000000000
 -0.6579747795271709     -0.2785800717919977       0.0000000000000000
 -0.6579747795271709     -0.1772782275039985       0.0000000000000000
 -0.6579747795271709     -0.1266273053599989       0.0000000000000000
 -0.6579747795271709     -0.0253254610719998       0.0000000000000000
 -0.6579747795271709      0.0253254610719998       0.0000000000000000
 -0.6579747795271709      0.1266273053599989       0.0000000000000000
 -0.6579747795271709      0.1772782275039985       0.0000000000000000
 -0.6579747795271709      0.2785800717919977       0.0000000000000000
 -0.6579747795271709      0.3292309939359973       0.0000000000000000
 -0.6579747795271709      0.4305328382239964       0.0000000000000000
 -0.6579747795271709      0.4811837603679959       0.0000000000000000
 -0.6579747795271709      0.5824856046559952       0.0000000000000000
 -0.6579747795271709      0.6331365267999948       0.0000000000000000
 -0.6579747795271709      0.7344383710879939       0.0000000000000000
 -0.6579747795271709      0.7850892932319935       0.0000000000000000
 -0.6579747795271709      0.8863911375199928       0.0000000000000000
 -0.6141097942253596     -0.3545564550079971       0.0000000000000000
 -0.6141097942253596      0.3545564550079971       0.0000000000000000
 -0.6141097942253595     -0.8610656764479929       0.0000000000000000
 -0.6141097942253595     -0.8104147543039933       0.0000000000000000
 -0.6141097942253595     -0.7091129100159942       0.0000000000000000
 -0.6141097942253595     -0.6584619878719946       0.0000000000000000
 -0.6141097942253595     -0.5571601435839953       0.0000000000000000
 -0.6141097942253595     -0.5065092214399958       0.0000000000000000
 -0.6141097942253595     -0.4052073771519967       0.0000000000000000
 -0.6141097942253595     -0.2532546107199979       0.0000000000000000
 -0.6141097942253595     -0.2026036885759983       0.0000000000000000
 -0.6141097942253595     -0.1013018442879992       0.0000000000000000
 -0.6141097942253595     -0.0506509221439996       0.0000000000000000
 -0.6141097942253595      0.0506509221439996       0.0000000000000000
 -0.6141097942253595      0.1013018442879992       0.0000000000000000
 -0.6141097942253595      0.2026036885759983       0.0000000000000000
 -0.6141097942253595      0.2532546107199979       0.0000000000000000
 -0.6141097942253595      0.4052073771519967       0.0000000000000000
 -0.6141097942253595      0.5065092214399958       0.0000000000000000
 -0.6141097942253595      0.5571601435839953       0.0000000000000000
 -0.6141097942253595      0.6584619878719946       0.0000000000000000
 -0.6141097942253595      0.7091129100159942       0.0000000000000000
 -0.6141097942253595      0.8104147543039933       0.0000000000000000
 -0.6141097942253595      0.8610656764479929       0.0000000000000000
 -0.5702448089235482     -0.7850892932319935       0.0000000000000000
 -0.5702448089235482     -0.7344383710879939       0.0000000000000000
 -0.5702448089235482     -0.1772782275039985       0.0000000000000000
 -0.5702448089235482      0.1772782275039985       0.0000000000000000
 -0.5702448089235482      0.7344383710879939       0.0000000000000000
 -0.5702448089235482      0.7850892932319935       0.0000000000000000
 -0.5702448089235481     -0.3292309939359973       0.0000000000000000
 -0.5702448089235481     -0.2785800717919977       0.0000000000000000
 -0.5702448089235481      0.2785800717919977       0.0000000000000000
 -0.5702448089235481      0.3292309939359973       0.0000000000000000
 -0.5702448089235480     -0.8863911375199928       0.0000000000000000
 -0.5702448089235480     -0.6331365267999948       0.0000000000000000
 -0.5702448089235480     -0.5824856046559952       0.0000000000000000
 -0.5702448089235480     -0.4811837603679959       0.0000000000000000
 -0.5702448089235480     -0.4305328382239964       0.0000000000000000
 -0.5702448089235480     -0.1266273053599989       0.0000000000000000
 -0.5702448089235480     -0.0253254610719998       0.0000000000000000
 -0.5702448089235480      0.0253254610719998       0.0000000000000000
 -0.5702448089235480      0.1266273053599989       0.0000000000000000
 -0.5702448089235480      0.4305328382239964       0.0000000000000000
 -0.5702448089235480      0.4811837603679959       0.0000000000000000
 -0.5702448089235480      0.5824856046559952       0.0000000000000000
 -0.5702448089235480      0.6331365267999948       0.0000000000000000
 -0.5702448089235480      0.8863911375199928       0.0000000000000000
 -0.5263798236217367     -0.8610656764479929       0.0000000000000000
 -0.5263798236217367     -0.8104147543039933       0.0000000000000000
 -0.5263798236217367     -0.7091129100159942       0.0000000000000000
 -0.5263798236217367     -0.6584619878719946       0.0000000000000000
 -0.5263798236217367     -0.5571601435839953       0.0000000000000000
 -0.5263798236217367     -0.5065092214399958       0.0000000000000000
 -0.5263798236217367     -0.4052073771519967       0.0000000000000000
 -0.5263798236217367     -0.3545564550079971       0.0000000000000000
 -0.5263798236217367     -0.2532546107199979       0.0000000000000000
 -0.5263798236217367     -0.2026036885759983       0.0000000000000000
 -0.5263798236217367      0.2026036885759983       0.0000000000000000
 -0.5263798236217367      0.2532546107199979       0.0000000000000000
 -0.5263798236217367      0.3545564550079971       0.0000000000000000
 -0.5263798236217367      0.4052073771519967       0.0000000000000000
 -0.5263798236217367      0.5065092214399958       0.0000000000000000
 -0.5263798236217367      0.5571601435839953       0.0000000000000000
 -0.5263798236217367      0.6584619878719946       0.0000000000000000
 -0.5263798236217367      0.7091129100159942       0.0000000000000000
 -0.5263798236217367      0.8104147543039933       0.0000000000000000
 -0.5263798236217367      0.8610656764479929       0.0000000000000000
 -0.5263798236217366     -0.1013018442879992       0.0000000000000000
 -0.5263798236217366     -0.0506509221439996       0.0000000000000000
 -0.5263798236217366      0.0506509221439996       0.0000000000000000
 -0.5263798236217366      0.1013018442879992       0.0000000000000000
 -0.4825148383199254     -0.1266273053599989       0.0000000000000000
 -0.4825148383199254      0.1266273053599989       0.0000000000000000
 -0.4825148383199254     -0.7850892932319935       0.0000000000000000
 -0.4825148383199254     -0.7344383710879939       0.0000000000000000
 -0.4825148383199254     -0.1772782275039985       0.0000000000000000
 -0.4825148383199254     -0.0253254610719998       0.0000000000000000
 -0.4825148383199254      0.0253254610719998       0.0000000000000000
 -0.4825148383199254      0.1772782275039985       0.0000000000000000
 -0.4825148383199254      0.7344383710879939       0.0000000000000000
 -0.4825148383199254      0.7850892932319935       0.0000000000000000
 -0.4825148383199253     -0.9370420596639923       0.0000000000000000
 -0.4825148383199253     -0.8863911375199928       0.0000000000000000
 -0.4825148383199253     -0.6331365267999948       0.0000000000000000
 -0.4825148383199253     -0.5824856046559952       0.0000000000000000
 -0.4825148383199253     -0.4811837603679959       0.0000000000000000
 -0.4825148383199253     -0.4305328382239964       0.0000000000000000
 -0.4825148383199253     -0.3292309939359973       0.0000000000000000
 -0.4825148383199253     -0.2785800717919977       0.0000000000000000
 -0.4825148383199253      0.2785800717919977       0.0000000000000000
 -0.4825148383199253      0.3292309939359973       0.0000000000000000
 -0.4825148383199253      0.4305328382239964       0.0000000000000000
 -0.4825148383199253      0.4811837603679959       0.0000000000000000
 -0.4825148383199253      0.5824856046559952       0.0000000000000000
 -0.4825148383199253      0.6331365267999948       0.0000000000000000
 -0.4825148383199253      0.8863911375199928       0.0000000000000000
 -0.4825148383199253      0.9370420596639923       0.0000000000000000
 -0.4386498530181139     -0.8610656764479929       0.0000000000000000
 -0.4386498530181139     -0.1013018442879992       0.0000000000000000
 -0.4386498530181139     -0.0506509221439996       0.0000000000000000
 -0.4386498530181139      0.0506509221439996       0.0000000000000000
 -0.4386498530181139      0.1013018442879992       0.0000000000000000
 -0.4386498530181139      0.8610656764479929       0.0000000000000000
 -0.4386498530181139     -1.0130184428799915       0.0000000000000000
 -0.4386498530181139     -0.9623675207359919       0.0000000000000000
 -0.4386498530181139     -0.8104147543039933       0.0000000000000000
 -0.4386498530181139     -0.7091129100159942       0.0000000000000000
 -0.4386498530181139     -0.6584619878719946       0.0000000000000000
 -0.4386498530181139     -0.5571601435839953       0.0000000000000000
 -0.4386498530181139     -0.5065092214399958       0.0000000000000000
 -0.4386498530181139     -0.4052073771519967       0.0000000000000000
 -0.4386498530181139     -0.3545564550079971       0.0000000000000000
 -0.4386498530181139     -0.2532546107199979       0.0000000000000000
 -0.4386498530181139     -0.2026036885759983       0.0000000000000000
 -0.4386498530181139      0.2026036885759983       0.0000000000000000
 -0.4386498530181139      0.2532546107199979       0.0000000000000000
 -0.4386498530181139      0.3545564550079971       0.0000000000000000
 -0.4386498530181139      0.4052073771519967       0.0000000000000000
 -0.4386498530181139      0.5065092214399958       0.0000000000000000
 -0.4386498530181139      0.5571601435839953       0.0000000000000000
 -0.4386498530181139      0.6584619878719946       0.0000000000000000
 -0.4386498530181139      0.7091129100159942       0.0000000000000000
 -0.4386498530181139      0.8104147543039933       0.0000000000000000
 -0.4386498530181139      0.9623675207359919       0.0000000000000000
 -0.4386498530181139      1.0130184428799915       0.0000000000000000
 -0.3947848677163026     -0.8863911375199928       0.0000000000000000
 -0.3947848677163026     -0.7850892932319935       0.0000000000000000
 -0.3947848677163026     -0.7344383710879939       0.0000000000000000
 -0.3947848677163026     -0.6331365267999948       0.0000000000000000
 -0.3947848677163026     -0.4305328382239964       0.0000000000000000
 -0.3947848677163026     -0.3292309939359973       0.0000000000000000
 -0.3947848677163026     -0.1266273053599989       0.0000000000000000
 -0.3947848677163026     -0.0253254610719998       0.0000000000000000
 -0.3947848677163026      0.0253254610719998       0.0000000000000000
 -0.3947848677163026      0.1266273053599989       0.0000000000000000
 -0.3947848677163026      0.3292309939359973       0.0000000000000000
 -0.3947848677163026      0.4305328382239964       0.0000000000000000
 -0.3947848677163026      0.6331365267999948       0.0000000000000000
 -0.3947848677163026      0.7344383710879939       0.0000000000000000
 -0.3947848677163026      0.7850892932319935       0.0000000000000000
 -0.3947848677163026      0.8863911375199928       0.0000000000000000
 -0.3947848677163025     -1.0889948260959910       0.0000000000000000
 -0.3947848677163025     -1.0383439039519915       0.0000000000000000
 -0.3947848677163025     -0.9370420596639923       0.0000000000000000
 -0.3947848677163025     -0.5824856046559952       0.0000000000000000
 -0.3947848677163025     -0.4811837603679959       0.0000000000000000
 -0.3947848677163025     -0.2785800717919977       0.0000000000000000
 -0.3947848677163025     -0.1772782275039985       0.0000000000000000
 -0.3947848677163025      0.1772782275039985       0.0000000000000000
 -0.3947848677163025      0.2785800717919977       0.0000000000000000
 -0.3947848677163025      0.4811837603679959       0.0000000000000000
 -0.3947848677163025      0.5824856046559952       0.0000000000000000
 -0.3947848677163025      0.9370420596639923       0.0000000000000000
 -0.3947848677163025      1.0383439039519915       0.0000000000000000
 -0.3947848677163025      1.0889948260959910       0.0000000000000000
 -0.3509198824144912     -0.8104147543039933       0.0000000000000000
 -0.3509198824144912     -0.4052073771519967       0.0000000000000000
 -0.3509198824144912     -0.3545564550079971       0.0000000000000000
 -0.3509198824144912      0.3545564550079971       0.0000000000000000
 -0.3509198824144912      0.4052073771519967       0.0000000000000000
 -0.3509198824144912      0.8104147543039933       0.0000000000000000
 -0.3509198824144911     -1.1143202871679907       0.0000000000000000
 -0.3509198824144911     -1.0130184428799915       0.0000000000000000
 -0.3509198824144911     -0.9623675207359919       0.0000000000000000
 -0.3509198824144911     -0.8610656764479929       0.0000000000000000
 -0.3509198824144911     -0.7091129100159942       0.0000000000000000
 -0.3509198824144911     -0.6584619878719946       0.0000000000000000
 -0.3509198824144911     -0.5571601435839953       0.0000000000000000
 -0.3509198824144911     -0.5065092214399958       0.0000000000000000
 -0.3509198824144911     -0.2532546107199979       0.0000000000000000
 -0.3509198824144911     -0.2026036885759983       0.0000000000000000
 -0.3509198824144911     -0.1013018442879992       0.0000000000000000
 -0.3509198824144911     -0.0506509221439996       0.0000000000000000
 -0.3509198824144911      0.0506509221439996       0.0000000000000000
 -0.3509198824144911      0.1013018442879992       0.0000000000000000
 -0.3509198824144911      0.2026036885759983       0.0000000000000000
 -0.3509198824144911      0.2532546107199979       0.0000000000000000
 -0.3509198824144911      0.5065092214399958       0.0000000000000000
 -0.3509198824144911      0.5571601435839953       0.0000000000000000
 -0.3509198824144911      0.6584619878719946       0.0000000000000000
 -0.3509198824144911      0.7091129100159942       0.0000000000000000
 -0.3509198824144911      0.8610656764479929       0.0000000000000000
 -0.3509198824144911      0.9623675207359919       0.0000000000000000
 -0.3509198824144911      1.0130184428799915       0.0000000000000000
 -0.3509198824144911      1.1143202871679907       0.0000000000000000
 -0.3070548971126798     -1.0889948260959910       0.0000000000000000
 -0.3070548971126798     -0.9370420596639923       0.0000000000000000
 -0.3070548971126798      0.9370420596639923       0.0000000000000000
 -0.3070548971126798      1.0889948260959910       0.0000000000000000
 -0.3070548971126797     -1.0383439039519915       0.0000000000000000
 -0.3070548971126797     -0.8863911375199928       0.0000000000000000
 -0.3070548971126797     -0.7850892932319935       0.0000000000000000
 -0.3070548971126797     -0.7344383710879939       0.0000000000000000
 -0.3070548971126797     -0.6331365267999948       0.0000000000000000
 -0.3070548971126797     -0.5824856046559952       0.0000000000000000
 -0.3070548971126797     -0.4811837603679959       0.0000000000000000
 -0.3070548971126797     -0.4305328382239964       0.0000000000000000
 -0.3070548971126797     -0.3292309939359973       0.0000000000000000
 -0.3070548971126797     -0.2785800717919977       0.0000000000000000
 -0.3070548971126797     -0.1772782275039985       0.0000000000000000
 -0.3070548971126797     -0.1266273053599989       0.0000000000000000
 -0.3070548971126797     -0.0253254610719998       0.0000000000000000
 -0.3070548971126797      0.0253254610719998       0.0000000000000000
 -0.3070548971126797      0.1266273053599989       0.0000000000000000
 -0.3070548971126797      0.1772782275039985       0.0000000000000000
 -0.3070548971126797      0.2785800717919977       0.0000000000000000
 -0.3070548971126797      0.3292309939359973       0.0000000000000000
 -0.3070548971126797      0.4305328382239964       0.0000000000000000
 -0.3070548971126797      0.4811837603679959       0.0000000000000000
 -0.3070548971126797      0.5824856046559952       0.0000000000000000
 -0.3070548971126797      0.6331365267999948       0.0000000000000000
 -0.3070548971126797      0.7344383710879939       0.0000000000000000
 -0.3070548971126797      0.7850892932319935       0.0000000000000000
 -0.3070548971126797      0.8863911375199928       0.0000000000000000
 -0.3070548971126797      1.0383439039519915       0.0000000000000000
 -0.2631899118108684     -1.1143202871679907       0.0000000000000000
 -0.2631899118108684     -1.0130184428799915       0.0000000000000000
 -0.2631899118108684     -0.9623675207359919       0.0000000000000000
 -0.2631899118108684     -0.8610656764479927       0.0000000000000000
 -0.2631899118108684     -0.8104147543039933       0.0000000000000000
 -0.2631899118108684     -0.4052073771519967       0.0000000000000000
 -0.2631899118108684     -0.3545564550079971       0.0000000000000000
 -0.2631899118108684      0.3545564550079971       0.0000000000000000
 -0.2631899118108684      0.4052073771519967       0.0000000000000000
 -0.2631899118108684      0.8104147543039933       0.0000000000000000
 -0.2631899118108684      0.8610656764479927       0.0000000000000000
 -0.2631899118108684      0.9623675207359919       0.0000000000000000
 -0.2631899118108684      1.0130184428799915       0.0000000000000000
 -0.2631899118108684      1.1143202871679907       0.0000000000000000
 -0.2631899118108683     -0.7091129100159942       0.0000000000000000
 -0.2631899118108683     -0.6584619878719946       0.0000000000000000
 -0.2631899118108683     -0.5571601435839953       0.0000000000000000
 -0.2631899118108683     -0.5065092214399958       0.0000000000000000
 -0.2631899118108683     -0.2532546107199979       0.0000000000000000
 -0.2631899118108683     -0.2026036885759983       0.0000000000000000
 -0.2631899118108683     -0.1013018442879992       0.0000000000000000
 -0.2631899118108683     -0.0506509221439996       0.0000000000000000
 -0.2631899118108683      0.0506509221439996       0.0000000000000000
 -0.2631899118108683      0.1013018442879992       0.0000000000000000
 -0.2631899118108683      0.2026036885759983       0.0000000000000000
 -0.2631899118108683      0.2532546107199979       0.0000000000000000
 -0.2631899118108683      0.5065092214399958       0.0000000000000000
 -0.2631899118108683      0.5571601435839953       0.0000000000000000
 -0.2631899118108683      0.6584619878719946       0.0000000000000000
 -0.2631899118108683      0.7091129100159942       0.0000000000000000
 -0.2193249265090570     -1.0889948260959910       0.0000000000000000
 -0.2193249265090570     -1.0383439039519915       0.0000000000000000
 -0.2193249265090570     -0.9370420596639923       0.0000000000000000
 -0.2193249265090570     -0.8863911375199928       0.0000000000000000
 -0.2193249265090570      0.8863911375199928       0.0000000000000000
 -0.2193249265090570      0.9370420596639923       0.0000000000000000
 -0.2193249265090570      1.0383439039519915       0.0000000000000000
 -0.2193249265090570      1.0889948260959910       0.0000000000000000
 -0.2193249265090569     -0.7850892932319935       0.0000000000000000
 -0.2193249265090569     -0.7344383710879939       0.0000000000000000
 -0.2193249265090569     -0.6331365267999948       0.0000000000000000
 -0.2193249265090569     -0.5824856046559952       0.0000000000000000
 -0.2193249265090569     -0.4811837603679959       0.0000000000000000
 -0.2193249265090569     -0.4305328382239965       0.0000000000000000
 -0.2193249265090569     -0.3292309939359973       0.0000000000000000
 -0.2193249265090569     -0.2785800717919977       0.0000000000000000
 -0.2193249265090569     -0.1772782275039985       0.0000000000000000
 -0.2193249265090569     -0.1266273053599989       0.0000000000000000
 -0.2193249265090569     -0.0253254610719998       0.0000000000000000
 -0.2193249265090569      0.0253254610719998       0.0000000000000000
 -0.2193249265090569      0.1266273053599989       0.0000000000000000
 -0.2193249265090569      0.1772782275039985       0.0000000000000000
 -0.2193249265090569      0.2785800717919977       0.0000000000000000
 -0.2193249265090569      0.3292309939359973       0.0000000000000000
 -0.2193249265090569      0.4305328382239965       0.0000000000000000
 -0.2193249265090569      0.4811837603679959       0.0000000000000000
 -0.2193249265090569      0.5824856046559952       0.0000000000000000
 -0.2193249265090569      0.6331365267999948       0.0000000000000000
 -0.2193249265090569      0.7344383710879939       0.0000000000000000
 -0.2193249265090569      0.7850892932319935       0.0000000000000000
 -0.1754599412072456     -1.1143202871679907       0.0000000000000000
 -0.1754599412072456      1.1143202871679907       0.0000000000000000
 -0.1754599412072455     -1.0130184428799915       0.0000000000000000
 -0.1754599412072455     -0.9623675207359919       0.0000000000000000
 -0.1754599412072455     -0.8610656764479927       0.0000000000000000
 -0.1754599412072455     -0.8104147543039931       0.0000000000000000
 -0.1754599412072455     -0.7091129100159940       0.0000000000000000
 -0.1754599412072455     -0.6584619878719946       0.0000000000000000
 -0.1754599412072455     -0.5571601435839953       0.0000000000000000
 -0.1754599412072455     -0.5065092214399958       0.0000000000000000
 -0.1754599412072455     -0.4052073771519967       0.0000000000000000
 -0.1754599412072455     -0.3545564550079971       0.0000000000000000
 -0.1754599412072455     -0.2532546107199979       0.0000000000000000
 -0.1754599412072455     -0.2026036885759983       0.0000000000000000
 -0.1754599412072455     -0.1013018442879992       0.0000000000000000
 -0.1754599412072455     -0.0506509221439996       0.0000000000000000
 -0.1754599412072455      0.0506509221439996       0.0000000000000000
 -0.1754599412072455      0.1013018442879992       0.0000000000000000
 -0.1754599412072455      0.2026036885759983       0.0000000000000000
 -0.1754599412072455      0.2532546107199979       0.0000000000000000
 -0.1754599412072455      0.3545564550079971       0.0000000000000000
 -0.1754599412072455      0.4052073771519967       0.0000000000000000
 -0.1754599412072455      0.5065092214399958       0.0000000000000000
 -0.1754599412072455      0.5571601435839953       0.0000000000000000
 -0.1754599412072455      0.6584619878719946       0.0000000000000000
 -0.1754599412072455      0.7091129100159940       0.0000000000000000
 -0.1754599412072455      0.8104147543039931       0.0000000000000000
 -0.1754599412072455      0.8610656764479927       0.0000000000000000
 -0.1754599412072455      0.9623675207359919       0.0000000000000000
 -0.1754599412072455      1.0130184428799915       0.0000000000000000
 -0.1315949559054342     -1.0889948260959910       0.0000000000000000
 -0.1315949559054342     -1.0383439039519915       0.0000000000000000
 -0.1315949559054342     -0.5824856046559952       0.0000000000000000
 -0.1315949559054342      0.5824856046559952       0.0000000000000000
 -0.1315949559054342      1.0383439039519915       0.0000000000000000
 -0.1315949559054342      1.0889948260959910       0.0000000000000000
 -0.1315949559054342     -0.9370420596639923       0.0000000000000000
 -0.1315949559054342     -0.8863911375199928       0.0000000000000000
 -0.1315949559054342     -0.7850892932319935       0.0000000000000000
 -0.1315949559054342     -0.7344383710879939       0.0000000000000000
 -0.1315949559054342     -0.6331365267999948       0.0000000000000000
 -0.1315949559054342     -0.4811837603679959       0.0000000000000000
 -0.1315949559054342     -0.4305328382239965       0.0000000000000000
 -0.1315949559054342     -0.3292309939359973       0.0000000000000000
 -0.1315949559054342     -0.2785800717919977       0.0000000000000000
 -0.1315949559054342     -0.1772782275039985       0.0000000000000000
 -0.1315949559054342     -0.1266273053599989       0.0000000000000000
 -0.1315949559054342     -0.0253254610719998       0.0000000000000000
 -0.1315949559054342      0.0253254610719998       0.0000000000000000
 -0.1315949559054342      0.1266273053599989       0.0000000000000000
 -0.1315949559054342      0.1772782275039985       0.0000000000000000
 -0.1315949559054342      0.2785800717919977       0.0000000000000000
 -0.1315949559054342      0.3292309939359973       0.0000000000000000
 -0.1315949559054342      0.4305328382239965       0.0000000000000000
 -0.1315949559054342      0.4811837603679959       0.0000000000000000
 -0.1315949559054342      0.6331365267999948       0.0000000000000000
 -0.1315949559054342      0.7344383710879939       0.0000000000000000
 -0.1315949559054342      0.7850892932319935       0.0000000000000000
 -0.1315949559054342      0.8863911375199928       0.0000000000000000
 -0.1315949559054342      0.9370420596639923       0.0000000000000000
 -0.0877299706036228     -1.1143202871679907       0.0000000000000000
 -0.0877299706036228     -0.5571601435839953       0.0000000000000000
 -0.0877299706036228      0.5571601435839953       0.0000000000000000
 -0.0877299706036228      1.1143202871679907       0.0000000000000000
 -0.0877299706036228     -1.0130184428799915       0.0000000000000000
 -0.0877299706036228     -0.6584619878719946       0.0000000000000000
 -0.0877299706036228     -0.5065092214399958       0.0000000000000000
 -0.0877299706036228      0.5065092214399958       0.0000000000000000
 -0.0877299706036228      0.6584619878719946       0.0000000000000000
 -0.0877299706036228      1.0130184428799915       0.0000000000000000
 -0.0877299706036228     -0.9623675207359919       0.0000000000000000
 -0.0877299706036228     -0.7091129100159940       0.0000000000000000
 -0.0877299706036228     -0.4052073771519966       0.0000000000000000
 -0.0877299706036228     -0.3545564550079971       0.0000000000000000
 -0.0877299706036228     -0.2532546107199979       0.0000000000000000
 -0.0877299706036228     -0.2026036885759983       0.0000000000000000
 -0.0877299706036228     -0.1013018442879992       0.0000000000000000
 -0.0877299706036228     -0.0506509221439996       0.0000000000000000
 -0.0877299706036228      0.0506509221439996       0.0000000000000000
 -0.0877299706036228      0.1013018442879992       0.0000000000000000
 -0.0877299706036228      0.2026036885759983       0.0000000000000000
 -0.0877299706036228      0.2532546107199979       0.0000000000000000
 -0.0877299706036228      0.3545564550079971       0.0000000000000000
 -0.0877299706036228      0.4052073771519966       0.0000000000000000
 -0.0877299706036228      0.7091129100159940       0.0000000000000000
 -0.0877299706036228      0.9623675207359919       0.0000000000000000
 -0.0877299706036228     -0.8610656764479927       0.0000000000000000
 -0.0877299706036228     -0.8104147543039931       0.0000000000000000
 -0.0877299706036228      0.8104147543039931       0.0000000000000000
 -0.0877299706036228      0.8610656764479927       0.0000000000000000
 -0.0438649853018114     -1.0889948260959910       0.0000000000000000
 -0.0438649853018114     -1.0383439039519915       0.0000000000000000
 -0.0438649853018114     -0.6331365267999948       0.0000000000000000
 -0.0438649853018114     -0.5824856046559952       0.0000000000000000
 -0.0438649853018114      0.5824856046559952       0.0000000000000000
 -0.0438649853018114      0.6331365267999948       0.0000000000000000
 -0.0438649853018114      1.0383439039519915       0.0000000000000000
 -0.0438649853018114      1.0889948260959910       0.0000000000000000
 -0.0438649853018114     -0.4811837603679959       0.0000000000000000
 -0.0438649853018114      0.4811837603679959       0.0000000000000000
 -0.0438649853018114     -0.9370420596639923       0.0000000000000000
 -0.0438649853018114     -0.7344383710879939       0.0000000000000000
 -0.0438649853018114     -0.4305328382239964       0.0000000000000000
 -0.0438649853018114     -0.3292309939359973       0.0000000000000000
 -0.0438649853018114     -0.2785800717919977       0.0000000000000000
 -0.0438649853018114     -0.1772782275039985       0.0000000000000000
 -0.0438649853018114     -0.1266273053599989       0.0000000000000000
 -0.0438649853018114     -0.0253254610719998       0.0000000000000000
 -0.0438649853018114      0.0253254610719998       0.0000000000000000
 -0.0438649853018114      0.1266273053599989       0.0000000000000000
 -0.0438649853018114      0.1772782275039985       0.0000000000000000
 -0.0438649853018114      0.2785800717919977       0.0000000000000000
 -0.0438649853018114      0.3292309939359973       0.0000000000000000
 -0.0438649853018114      0.4305328382239964       0.0000000000000000
 -0.0438649853018114      0.7344383710879939       0.0000000000000000
 -0.0438649853018114      0.9370420596639923       0.0000000000000000
 -0.0438649853018114     -0.8863911375199928       0.0000000000000000
 -0.0438649853018114     -0.7850892932319935       0.0000000000000000
 -0.0438649853018114      0.7850892932319935       0.0000000000000000
 -0.0438649853018114      0.8863911375199928       0.0000000000000000
  0.0000000000000000     -1.1143202871679907       0.0000000000000000
  0.0000000000000000     -1.0130184428799915       0.0000000000000000
  0.0000000000000000     -0.9623675207359919       0.0000000000000000
  0.0000000000000000     -0.8610656764479927       0.0000000000000000
  0.0000000000000000     -0.8104147543039931       0.0000000000000000
  0.0000000000000000     -0.7091129100159942       0.0000000000000000
  0.0000000000000000     -0.6584619878719946       0.0000000000000000
  0.0000000000000000     -0.5571601435839953       0.0000000000000000
  0.0000000000000000     -0.5065092214399958       0.0000000000000000
  0.0000000000000000     -0.4052073771519966       0.0000000000000000
  0.0000000000000000     -0.3545564550079970       0.0000000000000000
  0.0000000000000000     -0.2532546107199979       0.0000000000000000
  0.0000000000000000     -0.2026036885759983       0.0000000000000000
  0.0000000000000000     -0.1013018442879992       0.0000000000000000
  0.0000000000000000     -0.0506509221439996       0.0000000000000000
  0.0000000000000000      0.0506509221439996       0.0000000000000000
  0.0000000000000000      0.1013018442879992       0.0000000000000000
  0.0000000000000000      0.2026036885759983       0.0000000000000000
  0.0000000000000000      0.2532546107199979       0.0000000000000000
  0.0000000000000000      0.3545564550079970       0.0000000000000000
  0.0000000000000000      0.4052073771519966       0.0000000000000000
  0.0000000000000000      0.5065092214399958       0.0000000000000000
  0.0000000000000000      0.5571601435839953       0.0000000000000000
  0.0000000000000000      0.6584619878719946       0.0000000000000000
  0.0000000000000000      0.7091129100159942       0.0000000000000000
  0.0000000000000000      0.8104147543039931       0.0000000000000000
  0.0000000000000000      0.8610656764479927       0.0000000000000000
  0.0000000000000000      0.9623675207359919       0.0000000000000000
  0.0000000000000000      1.0130184428799915       0.0000000000000000
  0.0000000000000000      1.1143202871679907       0.0000000000000000
  0.0438649853018114     -0.8863911375199928       0.0000000000000000
  0.0438649853018114     -0.7850892932319935       0.0000000000000000
  0.0438649853018114      0.7850892932319935       0.0000000000000000
  0.0438649853018114      0.8863911375199928       0.0000000000000000
  0.0438649853018114     -0.9370420596639923       0.0000000000000000
  0.0438649853018114     -0.7344383710879939       0.0000000000000000
  0.0438649853018114     -0.4305328382239964       0.0000000000000000
  0.0438649853018114     -0.3292309939359973       0.0000000000000000
  0.0438649853018114     -0.2785800717919977       0.0000000000000000
  0.0438649853018114     -0.1772782275039985       0.0000000000000000
  0.0438649853018114     -0.1266273053599989       0.0000000000000000
  0.0438649853018114     -0.0253254610719998       0.0000000000000000
  0.0438649853018114      0.0253254610719998       0.0000000000000000
  0.0438649853018114      0.1266273053599989       0.0000000000000000
  0.0438649853018114      0.1772782275039985       0.0000000000000000
  0.0438649853018114      0.2785800717919977       0.0000000000000000
  0.0438649853018114      0.3292309939359973       0.0000000000000000
  0.0438649853018114      0.4305328382239964       0.0000000000000000
  0.0438649853018114      0.7344383710879939       0.0000000000000000
  0.0438649853018114      0.9370420596639923       0.0000000000000000
  0.0438649853018114     -0.4811837603679959       0.0000000000000000
  0.0438649853018114      0.4811837603679959       0.0000000000000000
  0.0438649853018114     -1.0889948260959910       0.0000000000000000
  0.0438649853018114     -1.0383439039519915       0.0000000000000000
  0.0438649853018114     -0.6331365267999948       0.0000000000000000
  0.0438649853018114     -0.5824856046559952       0.0000000000000000
  0.0438649853018114      0.5824856046559952       0.0000000000000000
  0.0438649853018114      0.6331365267999948       0.0000000000000000
  0.0438649853018114      1.0383439039519915       0.0000000000000000
  0.0438649853018114      1.0889948260959910       0.0000000000000000
  0.0877299706036228     -0.8610656764479927       0.0000000000000000
  0.0877299706036228     -0.8104147543039931       0.0000000000000000
  0.0877299706036228      0.8104147543039931       0.0000000000000000
  0.0877299706036228      0.8610656764479927       0.0000000000000000
  0.0877299706036228     -0.9623675207359919       0.0000000000000000
  0.0877299706036228     -0.7091129100159940       0.0000000000000000
  0.0877299706036228     -0.4052073771519966       0.0000000000000000
  0.0877299706036228     -0.3545564550079971       0.0000000000000000
  0.0877299706036228     -0.2532546107199979       0.0000000000000000
  0.0877299706036228     -0.2026036885759983       0.0000000000000000
  0.0877299706036228     -0.1013018442879992       0.0000000000000000
  0.0877299706036228     -0.0506509221439996       0.0000000000000000
  0.0877299706036228      0.0506509221439996       0.0000000000000000
  0.0877299706036228      0.1013018442879992       0.0000000000000000
  0.0877299706036228      0.2026036885759983       0.0000000000000000
  0.0877299706036228      0.2532546107199979       0.0000000000000000
  0.0877299706036228      0.3545564550079971       0.0000000000000000
  0.0877299706036228      0.4052073771519966       0.0000000000000000
  0.0877299706036228      0.7091129100159940       0.0000000000000000
  0.0877299706036228      0.9623675207359919       0.0000000000000000
  0.0877299706036228     -1.0130184428799915       0.0000000000000000
  0.0877299706036228     -0.6584619878719946       0.0000000000000000
  0.0877299706036228     -0.5065092214399958       0.0000000000000000
  0.0877299706036228      0.5065092214399958       0.0000000000000000
  0.0877299706036228      0.6584619878719946       0.0000000000000000
  0.0877299706036228      1.0130184428799915       0.0000000000000000
  0.0877299706036228     -1.1143202871679907       0.0000000000000000
  0.0877299706036228     -0.5571601435839953       0.0000000000000000
  0.0877299706036228      0.5571601435839953       0.0000000000000000
  0.0877299706036228      1.1143202871679907       0.0000000000000000
  0.1315949559054342     -0.9370420596639923       0.0000000000000000
  0.1315949559054342     -0.8863911375199928       0.0000000000000000
  0.1315949559054342     -0.7850892932319935       0.0000000000000000
  0.1315949559054342     -0.7344383710879939       0.0000000000000000
  0.1315949559054342     -0.6331365267999948       0.0000000000000000
  0.1315949559054342     -0.4811837603679959       0.0000000000000000
  0.1315949559054342     -0.4305328382239965       0.0000000000000000
  0.1315949559054342     -0.3292309939359973       0.0000000000000000
  0.1315949559054342     -0.2785800717919977       0.0000000000000000
  0.1315949559054342     -0.1772782275039985       0.0000000000000000
  0.1315949559054342     -0.1266273053599989       0.0000000000000000
  0.1315949559054342     -0.0253254610719998       0.0000000000000000
  0.1315949559054342      0.0253254610719998       0.0000000000000000
  0.1315949559054342      0.1266273053599989       0.0000000000000000
  0.1315949559054342      0.1772782275039985       0.0000000000000000
  0.1315949559054342      0.2785800717919977       0.0000000000000000
  0.1315949559054342      0.3292309939359973       0.0000000000000000
  0.1315949559054342      0.4305328382239965       0.0000000000000000
  0.1315949559054342      0.4811837603679959       0.0000000000000000
  0.1315949559054342      0.6331365267999948       0.0000000000000000
  0.1315949559054342      0.7344383710879939       0.0000000000000000
  0.1315949559054342      0.7850892932319935       0.0000000000000000
  0.1315949559054342      0.8863911375199928       0.0000000000000000
  0.1315949559054342      0.9370420596639923       0.0000000000000000
  0.1315949559054342     -1.0889948260959910       0.0000000000000000
  0.1315949559054342     -1.0383439039519915       0.0000000000000000
  0.1315949559054342     -0.5824856046559952       0.0000000000000000
  0.1315949559054342      0.5824856046559952       0.0000000000000000
  0.1315949559054342      1.0383439039519915       0.0000000000000000
  0.1315949559054342      1.0889948260959910       0.0000000000000000
  0.1754599412072455     -1.0130184428799915       0.0000000000000000
  0.1754599412072455     -0.9623675207359919       0.0000000000000000
  0.1754599412072455     -0.8610656764479927       0.0000000000000000
  0.1754599412072455     -0.8104147543039931       0.0000000000000000
  0.1754599412072455     -0.7091129100159940       0.0000000000000000
  0.1754599412072455     -0.6584619878719946       0.0000000000000000
  0.1754599412072455     -0.5571601435839953       0.0000000000000000
  0.1754599412072455     -0.5065092214399958       0.0000000000000000
  0.1754599412072455     -0.4052073771519967       0.0000000000000000
  0.1754599412072455     -0.3545564550079971       0.0000000000000000
  0.1754599412072455     -0.2532546107199979       0.0000000000000000
  0.1754599412072455     -0.2026036885759983       0.0000000000000000
  0.1754599412072455     -0.1013018442879992       0.0000000000000000
  0.1754599412072455     -0.0506509221439996       0.0000000000000000
  0.1754599412072455      0.0506509221439996       0.0000000000000000
  0.1754599412072455      0.1013018442879992       0.0000000000000000
  0.1754599412072455      0.2026036885759983       0.0000000000000000
  0.1754599412072455      0.2532546107199979       0.0000000000000000
  0.1754599412072455      0.3545564550079971       0.0000000000000000
  0.1754599412072455      0.4052073771519967       0.0000000000000000
  0.1754599412072455      0.5065092214399958       0.0000000000000000
  0.1754599412072455      0.5571601435839953       0.0000000000000000
  0.1754599412072455      0.6584619878719946       0.0000000000000000
  0.1754599412072455      0.7091129100159940       0.0000000000000000
  0.1754599412072455      0.8104147543039931       0.0000000000000000
  0.1754599412072455      0.8610656764479927       0.0000000000000000
  0.1754599412072455      0.9623675207359919       0.0000000000000000
  0.1754599412072455      1.0130184428799915       0.0000000000000000
  0.1754599412072456     -1.1143202871679907       0.0000000000000000
  0.1754599412072456      1.1143202871679907       0.0000000000000000
  0.2193249265090569     -0.7850892932319935       0.0000000000000000
  0.2193249265090569     -0.7344383710879939       0.0000000000000000
  0.2193249265090569     -0.6331365267999948       0.0000000000000000
  0.2193249265090569     -0.5824856046559952       0.0000000000000000
  0.2193249265090569     -0.4811837603679959       0.0000000000000000
  0.2193249265090569     -0.4305328382239965       0.0000000000000000
  0.2193249265090569     -0.3292309939359973       0.0000000000000000
  0.2193249265090569     -0.2785800717919977       0.0000000000000000
  0.2193249265090569     -0.1772782275039985       0.0000000000000000
  0.2193249265090569     -0.1266273053599989       0.0000000000000000
  0.2193249265090569     -0.0253254610719998       0.0000000000000000
  0.2193249265090569      0.0253254610719998       0.0000000000000000
  0.2193249265090569      0.1266273053599989       0.0000000000000000
  0.2193249265090569      0.1772782275039985       0.0000000000000000
  0.2193249265090569      0.2785800717919977       0.0000000000000000
  0.2193249265090569      0.3292309939359973       0.0000000000000000
  0.2193249265090569      0.4305328382239965       0.0000000000000000
  0.2193249265090569      0.4811837603679959       0.0000000000000000
  0.2193249265090569      0.5824856046559952       0.0000000000000000
  0.2193249265090569      0.6331365267999948       0.0000000000000000
  0.2193249265090569      0.7344383710879939       0.0000000000000000
  0.2193249265090569      0.7850892932319935       0.0000000000000000
  0.2193249265090570     -1.0889948260959910       0.0000000000000000
  0.2193249265090570     -1.0383439039519915       0.0000000000000000
  0.2193249265090570     -0.9370420596639923       0.0000000000000000
  0.2193249265090570     -0.8863911375199928       0.0000000000000000
  0.2193249265090570      0.8863911375199928       0.0000000000000000
  0.2193249265090570      0.9370420596639923       0.0000000000000000
  0.2193249265090570      1.0383439039519915       0.0000000000000000
  0.2193249265090570      1.0889948260959910       0.0000000000000000
  0.2631899118108683     -0.7091129100159942       0.0000000000000000
  0.2631899118108683     -0.5571601435839953       0.0000000000000000
  0.2631899118108683     -0.5065092214399958       0.0000000000000000
  0.2631899118108683     -0.2532546107199979       0.0000000000000000
  0.2631899118108683     -0.2026036885759983       0.0000000000000000
  0.2631899118108683     -0.1013018442879992       0.0000000000000000
  0.2631899118108683     -0.0506509221439996       0.0000000000000000
  0.2631899118108683      0.0506509221439996       0.0000000000000000
  0.2631899118108683      0.1013018442879992       0.0000000000000000
  0.2631899118108683      0.2026036885759983       0.0000000000000000
  0.2631899118108683      0.2532546107199979       0.0000000000000000
  0.2631899118108683      0.5065092214399958       0.0000000000000000
  0.2631899118108683      0.5571601435839953       0.0000000000000000
  0.2631899118108683      0.7091129100159942       0.0000000000000000
  0.2631899118108684     -1.1143202871679907       0.0000000000000000
  0.2631899118108684     -1.0130184428799915       0.0000000000000000
  0.2631899118108684     -0.9623675207359919       0.0000000000000000
  0.2631899118108684     -0.8610656764479927       0.0000000000000000
  0.2631899118108684     -0.8104147543039933       0.0000000000000000
  0.2631899118108684     -0.6584619878719946       0.0000000000000000
  0.2631899118108684     -0.4052073771519967       0.0000000000000000
  0.2631899118108684     -0.3545564550079971       0.0000000000000000
  0.2631899118108684      0.3545564550079971       0.0000000000000000
  0.2631899118108684      0.4052073771519967       0.0000000000000000
  0.2631899118108684      0.6584619878719946       0.0000000000000000
  0.2631899118108684      0.8104147543039933       0.0000000000000000
  0.2631899118108684      0.8610656764479927       0.0000000000000000
  0.2631899118108684      0.9623675207359919       0.0000000000000000
  0.2631899118108684      1.0130184428799915       0.0000000000000000
  0.2631899118108684      1.1143202871679907       0.0000000000000000
  0.3070548971126797     -0.7850892932319935       0.0000000000000000
  0.3070548971126797     -0.7344383710879939       0.0000000000000000
  0.3070548971126797     -0.6331365267999948       0.0000000000000000
  0.3070548971126797     -0.5824856046559952       0.0000000000000000
  0.3070548971126797     -0.4811837603679959       0.0000000000000000
  0.3070548971126797     -0.4305328382239964       0.0000000000000000
  0.3070548971126797     -0.3292309939359973       0.0000000000000000
  0.3070548971126797     -0.2785800717919977       0.0000000000000000
  0.3070548971126797     -0.1772782275039985       0.0000000000000000
  0.3070548971126797     -0.1266273053599989       0.0000000000000000
  0.3070548971126797     -0.0253254610719998       0.0000000000000000
  0.3070548971126797      0.0253254610719998       0.0000000000000000
  0.3070548971126797      0.1266273053599989       0.0000000000000000
  0.3070548971126797      0.1772782275039985       0.0000000000000000
  0.3070548971126797      0.2785800717919977       0.0000000000000000
  0.3070548971126797      0.3292309939359973       0.0000000000000000
  0.3070548971126797      0.4305328382239964       0.0000000000000000
  0.3070548971126797      0.4811837603679959       0.0000000000000000
  0.3070548971126797      0.5824856046559952       0.0000000000000000
  0.3070548971126797      0.6331365267999948       0.0000000000000000
  0.3070548971126797      0.7344383710879939       0.0000000000000000
  0.3070548971126797      0.7850892932319935       0.0000000000000000
  0.3070548971126798     -1.0889948260959910       0.0000000000000000
  0.3070548971126798     -1.0383439039519915       0.0000000000000000
  0.3070548971126798     -0.9370420596639923       0.0000000000000000
  0.3070548971126798     -0.8863911375199928       0.0000000000000000
  0.3070548971126798      0.8863911375199928       0.0000000000000000
  0.3070548971126798      0.9370420596639923       0.0000000000000000
  0.3070548971126798      1.0383439039519915       0.0000000000000000
  0.3070548971126798      1.0889948260959910       0.0000000000000000
  0.3509198824144911     -1.1143202871679907       0.0000000000000000
  0.3509198824144911     -1.0130184428799915       0.0000000000000000
  0.3509198824144911     -0.9623675207359919       0.0000000000000000
  0.3509198824144911     -0.8610656764479929       0.0000000000000000
  0.3509198824144911     -0.7091129100159942       0.0000000000000000
  0.3509198824144911     -0.5571601435839953       0.0000000000000000
  0.3509198824144911     -0.5065092214399958       0.0000000000000000
  0.3509198824144911     -0.2532546107199979       0.0000000000000000
  0.3509198824144911     -0.2026036885759983       0.0000000000000000
  0.3509198824144911     -0.1013018442879992       0.0000000000000000
  0.3509198824144911     -0.0506509221439996       0.0000000000000000
  0.3509198824144911      0.0506509221439996       0.0000000000000000
  0.3509198824144911      0.1013018442879992       0.0000000000000000
  0.3509198824144911      0.2026036885759983       0.0000000000000000
  0.3509198824144911      0.2532546107199979       0.0000000000000000
  0.3509198824144911      0.5065092214399958       0.0000000000000000
  0.3509198824144911      0.5571601435839953       0.0000000000000000
  0.3509198824144911      0.7091129100159942       0.0000000000000000
  0.3509198824144911      0.8610656764479929       0.0000000000000000
  0.3509198824144911      0.9623675207359919       0.0000000000000000
  0.3509198824144911      1.0130184428799915       0.0000000000000000
  0.3509198824144911      1.1143202871679907       0.0000000000000000
  0.3509198824144912     -0.8104147543039933       0.0000000000000000
  0.3509198824144912     -0.6584619878719946       0.0000000000000000
  0.3509198824144912     -0.4052073771519967       0.0000000000000000
  0.3509198824144912     -0.3545564550079971       0.0000000000000000
  0.3509198824144912      0.3545564550079971       0.0000000000000000
  0.3509198824144912      0.4052073771519967       0.0000000000000000
  0.3509198824144912      0.6584619878719946       0.0000000000000000
  0.3509198824144912      0.8104147543039933       0.0000000000000000
  0.3947848677163025     -1.0889948260959910       0.0000000000000000
  0.3947848677163025     -1.0383439039519915       0.0000000000000000
  0.3947848677163025     -0.9370420596639923       0.0000000000000000
  0.3947848677163025     -0.8863911375199928       0.0000000000000000
  0.3947848677163025     -0.7344383710879939       0.0000000000000000
  0.3947848677163025     -0.5824856046559952       0.0000000000000000
  0.3947848677163025     -0.4811837603679959       0.0000000000000000
  0.3947848677163025     -0.2785800717919977       0.0000000000000000
  0.3947848677163025     -0.1772782275039985       0.0000000000000000
  0.3947848677163025      0.1772782275039985       0.0000000000000000
  0.3947848677163025      0.2785800717919977       0.0000000000000000
  0.3947848677163025      0.4811837603679959       0.0000000000000000
  0.3947848677163025      0.5824856046559952       0.0000000000000000
  0.3947848677163025      0.7344383710879939       0.0000000000000000
  0.3947848677163025      0.8863911375199928       0.0000000000000000
  0.3947848677163025      0.9370420596639923       0.0000000000000000
  0.3947848677163025      1.0383439039519915       0.0000000000000000
  0.3947848677163025      1.0889948260959910       0.0000000000000000
  0.3947848677163026     -0.7850892932319935       0.0000000000000000
  0.3947848677163026     -0.6331365267999948       0.0000000000000000
  0.3947848677163026     -0.4305328382239964       0.0000000000000000
  0.3947848677163026     -0.3292309939359973       0.0000000000000000
  0.3947848677163026     -0.1266273053599989       0.0000000000000000
  0.3947848677163026     -0.0253254610719998       0.0000000000000000
  0.3947848677163026      0.0253254610719998       0.0000000000000000
  0.3947848677163026      0.1266273053599989       0.0000000000000000
  0.3947848677163026      0.3292309939359973       0.0000000000000000
  0.3947848677163026      0.4305328382239964       0.0000000000000000
  0.3947848677163026      0.6331365267999948       0.0000000000000000
  0.3947848677163026      0.7850892932319935       0.0000000000000000
  0.4386498530181139     -1.0130184428799915       0.0000000000000000
  0.4386498530181139     -0.9623675207359919       0.0000000000000000
  0.4386498530181139     -0.7091129100159942       0.0000000000000000
  0.4386498530181139     -0.6584619878719946       0.0000000000000000
  0.4386498530181139     -0.5571601435839953       0.0000000000000000
  0.4386498530181139     -0.5065092214399958       0.0000000000000000
  0.4386498530181139     -0.4052073771519967       0.0000000000000000
  0.4386498530181139     -0.3545564550079971       0.0000000000000000
  0.4386498530181139     -0.2532546107199979       0.0000000000000000
  0.4386498530181139     -0.2026036885759983       0.0000000000000000
  0.4386498530181139      0.2026036885759983       0.0000000000000000
  0.4386498530181139      0.2532546107199979       0.0000000000000000
  0.4386498530181139      0.3545564550079971       0.0000000000000000
  0.4386498530181139      0.4052073771519967       0.0000000000000000
  0.4386498530181139      0.5065092214399958       0.0000000000000000
  0.4386498530181139      0.5571601435839953       0.0000000000000000
  0.4386498530181139      0.6584619878719946       0.0000000000000000
  0.4386498530181139      0.7091129100159942       0.0000000000000000
  0.4386498530181139      0.9623675207359919       0.0000000000000000
  0.4386498530181139      1.0130184428799915       0.0000000000000000
  0.4386498530181139     -0.8610656764479929       0.0000000000000000
  0.4386498530181139     -0.8104147543039933       0.0000000000000000
  0.4386498530181139     -0.1013018442879992       0.0000000000000000
  0.4386498530181139     -0.0506509221439996       0.0000000000000000
  0.4386498530181139      0.0506509221439996       0.0000000000000000
  0.4386498530181139      0.1013018442879992       0.0000000000000000
  0.4386498530181139      0.8104147543039933       0.0000000000000000
  0.4386498530181139      0.8610656764479929       0.0000000000000000
  0.4825148383199253     -0.9370420596639923       0.0000000000000000
  0.4825148383199253     -0.6331365267999948       0.0000000000000000
  0.4825148383199253     -0.5824856046559952       0.0000000000000000
  0.4825148383199253     -0.4811837603679959       0.0000000000000000
  0.4825148383199253     -0.4305328382239964       0.0000000000000000
  0.4825148383199253     -0.3292309939359973       0.0000000000000000
  0.4825148383199253     -0.2785800717919977       0.0000000000000000
  0.4825148383199253      0.2785800717919977       0.0000000000000000
  0.4825148383199253      0.3292309939359973       0.0000000000000000
  0.4825148383199253      0.4305328382239964       0.0000000000000000
  0.4825148383199253      0.4811837603679959       0.0000000000000000
  0.4825148383199253      0.5824856046559952       0.0000000000000000
  0.4825148383199253      0.6331365267999948       0.0000000000000000
  0.4825148383199253      0.9370420596639923       0.0000000000000000
  0.4825148383199254     -0.8863911375199928       0.0000000000000000
  0.4825148383199254     -0.7850892932319935       0.0000000000000000
  0.4825148383199254     -0.7344383710879939       0.0000000000000000
  0.4825148383199254     -0.1772782275039985       0.0000000000000000
  0.4825148383199254     -0.0253254610719998       0.0000000000000000
  0.4825148383199254      0.0253254610719998       0.0000000000000000
  0.4825148383199254      0.1772782275039985       0.0000000000000000
  0.4825148383199254      0.7344383710879939       0.0000000000000000
  0.4825148383199254      0.7850892932319935       0.0000000000000000
  0.4825148383199254      0.8863911375199928       0.0000000000000000
  0.4825148383199254     -0.1266273053599989       0.0000000000000000
  0.4825148383199254      0.1266273053599989       0.0000000000000000
  0.5263798236217366     -0.1013018442879992       0.0000000000000000
  0.5263798236217366     -0.0506509221439996       0.0000000000000000
  0.5263798236217366      0.0506509221439996       0.0000000000000000
  0.5263798236217366      0.1013018442879992       0.0000000000000000
  0.5263798236217367     -0.8610656764479929       0.0000000000000000
  0.5263798236217367     -0.8104147543039933       0.0000000000000000
  0.5263798236217367     -0.7091129100159942       0.0000000000000000
  0.5263798236217367     -0.6584619878719946       0.0000000000000000
  0.5263798236217367     -0.5571601435839953       0.0000000000000000
  0.5263798236217367     -0.5065092214399958       0.0000000000000000
  0.5263798236217367     -0.4052073771519967       0.0000000000000000
  0.5263798236217367     -0.3545564550079971       0.0000000000000000
  0.5263798236217367     -0.2532546107199979       0.0000000000000000
  0.5263798236217367     -0.2026036885759983       0.0000000000000000
  0.5263798236217367      0.2026036885759983       0.0000000000000000
  0.5263798236217367      0.2532546107199979       0.0000000000000000
  0.5263798236217367      0.3545564550079971       0.0000000000000000
  0.5263798236217367      0.4052073771519967       0.0000000000000000
  0.5263798236217367      0.5065092214399958       0.0000000000000000
  0.5263798236217367      0.5571601435839953       0.0000000000000000
  0.5263798236217367      0.6584619878719946       0.0000000000000000
  0.5263798236217367      0.7091129100159942       0.0000000000000000
  0.5263798236217367      0.8104147543039933       0.0000000000000000
  0.5263798236217367      0.8610656764479929       0.0000000000000000
  0.5702448089235480     -0.8863911375199928       0.0000000000000000
  0.5702448089235480     -0.6331365267999948       0.0000000000000000
  0.5702448089235480     -0.5824856046559952       0.0000000000000000
  0.5702448089235480     -0.4811837603679959       0.0000000000000000
  0.5702448089235480     -0.4305328382239964       0.0000000000000000
  0.5702448089235480     -0.1266273053599989       0.0000000000000000
  0.5702448089235480     -0.0253254610719998       0.0000000000000000
  0.5702448089235480      0.0253254610719998       0.0000000000000000
  0.5702448089235480      0.1266273053599989       0.0000000000000000
  0.5702448089235480      0.4305328382239964       0.0000000000000000
  0.5702448089235480      0.4811837603679959       0.0000000000000000
  0.5702448089235480      0.5824856046559952       0.0000000000000000
  0.5702448089235480      0.6331365267999948       0.0000000000000000
  0.5702448089235480      0.8863911375199928       0.0000000000000000
  0.5702448089235481     -0.3292309939359973       0.0000000000000000
  0.5702448089235481     -0.2785800717919977       0.0000000000000000
  0.5702448089235481      0.2785800717919977       0.0000000000000000
  0.5702448089235481      0.3292309939359973       0.0000000000000000
  0.5702448089235482     -0.7850892932319935       0.0000000000000000
  0.5702448089235482     -0.7344383710879939       0.0000000000000000
  0.5702448089235482     -0.1772782275039985       0.0000000000000000
  0.5702448089235482      0.1772782275039985       0.0000000000000000
  0.5702448089235482      0.7344383710879939       0.0000000000000000
  0.5702448089235482      0.7850892932319935       0.0000000000000000
  0.6141097942253595     -0.8610656764479929       0.0000000000000000
  0.6141097942253595     -0.8104147543039933       0.0000000000000000
  0.6141097942253595     -0.7091129100159942       0.0000000000000000
  0.6141097942253595     -0.6584619878719946       0.0000000000000000
  0.6141097942253595     -0.5571601435839953       0.0000000000000000
  0.6141097942253595     -0.5065092214399958       0.0000000000000000
  0.6141097942253595     -0.4052073771519967       0.0000000000000000
  0.6141097942253595     -0.2532546107199979       0.0000000000000000
  0.6141097942253595     -0.2026036885759983       0.0000000000000000
  0.6141097942253595     -0.1013018442879992       0.0000000000000000
  0.6141097942253595     -0.0506509221439996       0.0000000000000000
  0.6141097942253595      0.0506509221439996       0.0000000000000000
  0.6141097942253595      0.1013018442879992       0.0000000000000000
  0.6141097942253595      0.2026036885759983       0.0000000000000000
  0.6141097942253595      0.2532546107199979       0.0000000000000000
  0.6141097942253595      0.4052073771519967       0.0000000000000000
  0.6141097942253595      0.5065092214399958       0.0000000000000000
  0.6141097942253595      0.5571601435839953       0.0000000000000000
  0.6141097942253595      0.6584619878719946       0.0000000000000000
  0.6141097942253595      0.7091129100159942       0.0000000000000000
  0.6141097942253595      0.8104147543039933       0.0000000000000000
  0.6141097942253595      0.8610656764479929       0.0000000000000000
  0.6141097942253596     -0.3545564550079971       0.0000000000000000
  0.6141097942253596      0.3545564550079971       0.0000000000000000
  0.6579747795271709     -0.8863911375199928       0.0000000000000000
  0.6579747795271709     -0.7850892932319935       0.0000000000000000
  0.6579747795271709     -0.7344383710879939       0.0000000000000000
  0.6579747795271709     -0.6331365267999948       0.0000000000000000
  0.6579747795271709     -0.5824856046559952       0.0000000000000000
  0.6579747795271709     -0.4811837603679959       0.0000000000000000
  0.6579747795271709     -0.4305328382239964       0.0000000000000000
  0.6579747795271709     -0.3292309939359973       0.0000000000000000
  0.6579747795271709     -0.2785800717919977       0.0000000000000000
  0.6579747795271709     -0.1772782275039985       0.0000000000000000
  0.6579747795271709     -0.1266273053599989       0.0000000000000000
  0.6579747795271709     -0.0253254610719998       0.0000000000000000
  0.6579747795271709      0.0253254610719998       0.0000000000000000
  0.6579747795271709      0.1266273053599989       0.0000000000000000
  0.6579747795271709      0.1772782275039985       0.0000000000000000
  0.6579747795271709      0.2785800717919977       0.0000000000000000
  0.6579747795271709      0.3292309939359973       0.0000000000000000
  0.6579747795271709      0.4305328382239964       0.0000000000000000
  0.6579747795271709      0.4811837603679959       0.0000000000000000
  0.6579747795271709      0.5824856046559952       0.0000000000000000
  0.6579747795271709      0.6331365267999948       0.0000000000000000
  0.6579747795271709      0.7344383710879939       0.0000000000000000
  0.6579747795271709      0.7850892932319935       0.0000000000000000
  0.6579747795271709      0.8863911375199928       0.0000000000000000
  0.7018397648289821     -0.8610656764479929       0.0000000000000000
  0.7018397648289821     -0.8104147543039933       0.0000000000000000
  0.7018397648289821     -0.7091129100159942       0.0000000000000000
  0.7018397648289821     -0.6584619878719946       0.0000000000000000
  0.7018397648289821     -0.5571601435839953       0.0000000000000000
  0.7018397648289821     -0.5065092214399958       0.0000000000000000
  0.7018397648289821     -0.2532546107199979       0.0000000000000000
  0.7018397648289821     -0.2026036885759983       0.0000000000000000
  0.7018397648289821     -0.1013018442879992       0.0000000000000000
  0.7018397648289821     -0.0506509221439996       0.0000000000000000
  0.7018397648289821      0.0506509221439996       0.0000000000000000
  0.7018397648289821      0.1013018442879992       0.0000000000000000
  0.7018397648289821      0.2026036885759983       0.0000000000000000
  0.7018397648289821      0.2532546107199979       0.0000000000000000
  0.7018397648289821      0.5065092214399958       0.0000000000000000
  0.7018397648289821      0.5571601435839953       0.0000000000000000
  0.7018397648289821      0.6584619878719946       0.0000000000000000
  0.7018397648289821      0.7091129100159942       0.0000000000000000
  0.7018397648289821      0.8104147543039933       0.0000000000000000
  0.7018397648289821      0.8610656764479929       0.0000000000000000
  0.7018397648289824     -0.4052073771519967       0.0000000000000000
  0.7018397648289824     -0.3545564550079971       0.0000000000000000
  0.7018397648289824      0.3545564550079971       0.0000000000000000
  0.7018397648289824      0.4052073771519967       0.0000000000000000
  0.7457047501307936     -0.8863911375199928       0.0000000000000000
  0.7457047501307936     -0.7850892932319935       0.0000000000000000
  0.7457047501307936     -0.4305328382239964       0.0000000000000000
  0.7457047501307936     -0.3292309939359973       0.0000000000000000
  0.7457047501307936     -0.2785800717919977       0.0000000000000000
  0.7457047501307936     -0.1772782275039985       0.0000000000000000
  0.7457047501307936     -0.1266273053599989       0.0000000000000000
  0.7457047501307936     -0.0253254610719998       0.0000000000000000
  0.7457047501307936      0.0253254610719998       0.0000000000000000
  0.7457047501307936      0.1266273053599989       0.0000000000000000
  0.7457047501307936      0.1772782275039985       0.0000000000000000
  0.7457047501307936      0.2785800717919977       0.0000000000000000
  0.7457047501307936      0.3292309939359973       0.0000000000000000
  0.7457047501307936      0.4305328382239964       0.0000000000000000
  0.7457047501307936      0.7850892932319935       0.0000000000000000
  0.7457047501307936      0.8863911375199928       0.0000000000000000
  0.7457047501307937     -0.7344383710879939       0.0000000000000000
  0.7457047501307937     -0.6331365267999948       0.0000000000000000
  0.7457047501307937     -0.5824856046559952       0.0000000000000000
  0.7457047501307937     -0.4811837603679959       0.0000000000000000
  0.7457047501307937      0.4811837603679959       0.0000000000000000
  0.7457047501307937      0.5824856046559952       0.0000000000000000
  0.7457047501307937      0.6331365267999948       0.0000000000000000
  0.7457047501307937      0.7344383710879939       0.0000000000000000
  0.7895697354326050     -0.8610656764479929       0.0000000000000000
  0.7895697354326050     -0.8104147543039933       0.0000000000000000
  0.7895697354326050     -0.7091129100159942       0.0000000000000000
  0.7895697354326050     -0.6584619878719946       0.0000000000000000
  0.7895697354326050     -0.5571601435839953       0.0000000000000000
  0.7895697354326050     -0.5065092214399958       0.0000000000000000
  0.7895697354326050     -0.4052073771519967       0.0000000000000000
  0.7895697354326050     -0.3545564550079971       0.0000000000000000
  0.7895697354326050     -0.2532546107199979       0.0000000000000000
  0.7895697354326050     -0.2026036885759983       0.0000000000000000
  0.7895697354326050     -0.1013018442879992       0.0000000000000000
  0.7895697354326050     -0.0506509221439996       0.0000000000000000
  0.7895697354326050      0.0506509221439996       0.0000000000000000
  0.7895697354326050      0.1013018442879992       0.0000000000000000
  0.7895697354326050      0.2026036885759983       0.0000000000000000
  0.7895697354326050      0.2532546107199979       0.0000000000000000
  0.7895697354326050      0.3545564550079971       0.0000000000000000
  0.7895697354326050      0.4052073771519967       0.0000000000000000
  0.7895697354326050      0.5065092214399958       0.0000000000000000
  0.7895697354326050      0.5571601435839953       0.0000000000000000
  0.7895697354326050      0.6584619878719946       0.0000000000000000
  0.7895697354326050      0.7091129100159942       0.0000000000000000
  0.7895697354326050      0.8104147543039933       0.0000000000000000
  0.7895697354326050      0.8610656764479929       0.0000000000000000
  0.8334347207344163     -0.4811837603679959       0.0000000000000000
  0.8334347207344163     -0.4305328382239964       0.0000000000000000
  0.8334347207344163      0.4305328382239964       0.0000000000000000
  0.8334347207344163      0.4811837603679959       0.0000000000000000
  0.8334347207344165     -0.7850892932319935       0.0000000000000000
  0.8334347207344165     -0.7344383710879939       0.0000000000000000
  0.8334347207344165     -0.6331365267999948       0.0000000000000000
  0.8334347207344165     -0.5824856046559952       0.0000000000000000
  0.8334347207344165     -0.3292309939359973       0.0000000000000000
  0.8334347207344165     -0.2785800717919977       0.0000000000000000
  0.8334347207344165     -0.1772782275039985       0.0000000000000000
  0.8334347207344165     -0.1266273053599989       0.0000000000000000
  0.8334347207344165     -0.0253254610719998       0.0000000000000000
  0.8334347207344165      0.0253254610719998       0.0000000000000000
  0.8334347207344165      0.1266273053599989       0.0000000000000000
  0.8334347207344165      0.1772782275039985       0.0000000000000000
  0.8334347207344165      0.2785800717919977       0.0000000000000000
  0.8334347207344165      0.3292309939359973       0.0000000000000000
  0.8334347207344165      0.5824856046559952       0.0000000000000000
  0.8334347207344165      0.6331365267999948       0.0000000000000000
  0.8334347207344165      0.7344383710879939       0.0000000000000000
  0.8334347207344165      0.7850892932319935       0.0000000000000000
  0.8772997060362278     -0.7091129100159942       0.0000000000000000
  0.8772997060362278     -0.6584619878719946       0.0000000000000000
  0.8772997060362278     -0.5571601435839953       0.0000000000000000
  0.8772997060362278     -0.5065092214399958       0.0000000000000000
  0.8772997060362278     -0.4052073771519967       0.0000000000000000
  0.8772997060362278      0.4052073771519967       0.0000000000000000
  0.8772997060362278      0.5065092214399958       0.0000000000000000
  0.8772997060362278      0.5571601435839953       0.0000000000000000
  0.8772997060362278      0.6584619878719946       0.0000000000000000
  0.8772997060362278      0.7091129100159942       0.0000000000000000
  0.8772997060362279     -0.3545564550079971       0.0000000000000000
  0.8772997060362279     -0.2532546107199979       0.0000000000000000
  0.8772997060362279     -0.2026036885759983       0.0000000000000000
  0.8772997060362279     -0.1013018442879992       0.0000000000000000
  0.8772997060362279     -0.0506509221439996       0.0000000000000000
  0.8772997060362279      0.0506509221439996       0.0000000000000000
  0.8772997060362279      0.1013018442879992       0.0000000000000000
  0.8772997060362279      0.2026036885759983       0.0000000000000000
  0.8772997060362279      0.2532546107199979       0.0000000000000000
  0.8772997060362279      0.3545564550079971       0.0000000000000000
  0.9211646913380392     -0.6331365267999948       0.0000000000000000
  0.9211646913380392     -0.5824856046559952       0.0000000000000000
  0.9211646913380392     -0.4811837603679959       0.0000000000000000
  0.9211646913380392     -0.4305328382239964       0.0000000000000000
  0.9211646913380392     -0.3292309939359973       0.0000000000000000
  0.9211646913380392     -0.2785800717919977       0.0000000000000000
  0.9211646913380392     -0.1772782275039985       0.0000000000000000
  0.9211646913380392     -0.1266273053599989       0.0000000000000000
  0.9211646913380392     -0.0253254610719998       0.0000000000000000
  0.9211646913380392      0.0253254610719998       0.0000000000000000
  0.9211646913380392      0.1266273053599989       0.0000000000000000
  0.9211646913380392      0.1772782275039985       0.0000000000000000
  0.9211646913380392      0.2785800717919977       0.0000000000000000
  0.9211646913380392      0.3292309939359973       0.0000000000000000
  0.9211646913380392      0.4305328382239964       0.0000000000000000
  0.9211646913380392      0.4811837603679959       0.0000000000000000
  0.9211646913380392      0.5824856046559952       0.0000000000000000
  0.9211646913380392      0.6331365267999948       0.0000000000000000
  0.9650296766398505     -0.5571601435839953       0.0000000000000000
  0.9650296766398505     -0.5065092214399958       0.0000000000000000
  0.9650296766398505      0.5065092214399958       0.0000000000000000
  0.9650296766398505      0.5571601435839953       0.0000000000000000
  0.9650296766398507     -0.4052073771519967       0.0000000000000000
  0.9650296766398507     -0.3545564550079971       0.0000000000000000
  0.9650296766398507     -0.2532546107199979       0.0000000000000000
  0.9650296766398507     -0.2026036885759983       0.0000000000000000
  0.9650296766398507     -0.1013018442879992       0.0000000000000000
  0.9650296766398507     -0.0506509221439996       0.0000000000000000
  0.9650296766398507      0.0506509221439996       0.0000000000000000
  0.9650296766398507      0.1013018442879992       0.0000000000000000
  0.9650296766398507      0.2026036885759983       0.0000000000000000
  0.9650296766398507      0.2532546107199979       0.0000000000000000
  0.9650296766398507      0.3545564550079971       0.0000000000000000
  0.9650296766398507      0.4052073771519967       0.0000000000000000
  1.0088946619416621     -0.4811837603679959       0.0000000000000000
  1.0088946619416621     -0.4305328382239964       0.0000000000000000
  1.0088946619416621     -0.3292309939359973       0.0000000000000000
  1.0088946619416621     -0.2785800717919977       0.0000000000000000
  1.0088946619416621     -0.1772782275039985       0.0000000000000000
  1.0088946619416621     -0.1266273053599989       0.0000000000000000
  1.0088946619416621     -0.0253254610719998       0.0000000000000000
  1.0088946619416621      0.0253254610719998       0.0000000000000000
  1.0088946619416621      0.1266273053599989       0.0000000000000000
  1.0088946619416621      0.1772782275039985       0.0000000000000000
  1.0088946619416621      0.2785800717919977       0.0000000000000000
  1.0088946619416621      0.3292309939359973       0.0000000000000000
  1.0088946619416621      0.4305328382239964       0.0000000000000000
  1.0088946619416621      0.4811837603679959       0.0000000000000000
  1.0527596472434733     -0.2532546107199979       0.0000000000000000
  1.0527596472434733     -0.2026036885759983       0.0000000000000000
  1.0527596472434733     -0.1013018442879992       0.0000000000000000
  1.0527596472434733     -0.0506509221439996       0.0000000000000000
  1.0527596472434733      0.0506509221439996       0.0000000000000000
  1.0527596472434733      0.1013018442879992       0.0000000000000000
  1.0527596472434733      0.2026036885759983       0.0000000000000000
  1.0527596472434733      0.2532546107199979       0.0000000000000000
  1.0527596472434735     -0.4052073771519967       0.0000000000000000
  1.0527596472434735     -0.3545564550079971       0.0000000000000000
  1.0527596472434735      0.3545564550079971       0.0000000000000000
  1.0527596472434735      0.4052073771519967       0.0000000000000000
  1.0966246325452844     -0.1772782275039985       0.0000000000000000
  1.0966246325452844     -0.1266273053599989       0.0000000000000000
  1.0966246325452844      0.1266273053599989       0.0000000000000000
  1.0966246325452844      0.1772782275039985       0.0000000000000000
  1.0966246325452846     -0.2785800717919977       0.0000000000000000
  1.0966246325452846      0.2785800717919977       0.0000000000000000
  1.0966246325452849     -0.3292309939359973       0.0000000000000000
  1.0966246325452849      0.3292309939359973       0.0000000000000000
  1.1404896178470960     -0.2026036885759983       0.0000000000000000
  1.1404896178470960      0.2026036885759983       0.0000000000000000
  1.1404896178470962     -0.2532546107199979       0.0000000000000000
  1.1404896178470962      0.2532546107199979       0.0000000000000000
